//맵번호	부모맵	맵이름	배경음	필드이펙트	속성

//맵번호(0~65535)
//맵이름(한글15자	 영문31자)

//속성
//1: 건물내부
//2: 말하기 금지
//4: 귓속말 금지
//8: 마법사용 금지
//16: 사냥터
//32: PK허용
//64: 죽어도 아이템, 돈, 능력치 안떨어짐

//필드이펙트
// 1: 폭염굴
// 2: 난파선

//가상계(0번맵)는 아주 중요한 맵이니깐
//가만히 냅두시면 좋겠네여

//가상계(0번맵)가 사라지면	 
//맵서버메모리삑살납니당. 조심

=====================================================
 특별 맵
-----------------------------------------------------
000000	000000	가상계	0	0	8
000620	000620	불량이용자 제재	0	0	47
006527	006527	금전사냥터	0	0	9
000904	002260	이무기의방	153	0	64
008305	000014	선필대련장	0	0	65
=====================================================
 시작 맵
-----------------------------------------------------
000001	000001	낙랑의방	0	0	32
006524	006524	초보말하기의길	1	0	16
002399	002399	초보미궁시작	1	0	16
006525	000022	초보사냥의길	1	0	16
006526	000022	똘똘이도우미방	1	0	9
=====================================================
=====================================================
 이벤트 맵
-----------------------------------------------------
014401	014401	사냥이벤트	0	0	8
014402	014402	사냥이벤트대기실	0	0	16
014404	014404	사냥이벤트우성황	0	0	9
014403	014403	사냥이벤트좌성황	0	0	9
001913	001913	경마장1	1	0	8
001914	001914	경마장2	1	0	8
001915	001915	경마장3	1	0	8
001916	001916	경마장4	1	0	8
001701	001701	경마장입구	1	0	8
030001	030001	문파아지트1	1	0	64
030002	030002	문파아지트2	1	0	64
030003	030003	문파아지트3	1	0	64
030004	030004	문파아지트4	1	0	64
030005	030005	문파아지트5	1	0	64
030006	030006	문파아지트6	1	0	64
030007	030007	문파아지트7	1	0	64
030008	030008	문파아지트8	1	0	64
030010	030010	무한대전이벤트	1	64	96
======================================================
 고구려,부여 각 성의통로
------------------------------------------------------
003189	003171	개주후연간통로	1	0	16
003197	003206	관령어양간통로	1	0	16
002262	002263	동부여부여간통로	4	0	16
003193	003202	만번한읍루간통로	1	0	16
003198	003207	범안관령간통로	1	0	16
003195	003204	상곡천안궁간통로	1	0	16
003185	003172	산해관집안간통로	1	0	16
003194	003203	천안궁만번한간통로	1	0	16
003183	003173	선양숙군간통로	1	0	16
003190	003199	송원동부여간통로	1	0	16
003182	003174	숙군졸본간통로	1	0	16
003186	003170	신성산해관간통로	1	0	16
003196	003205	어양상곡간통로	1	0	80
003191	003200	장훈송원간통로	1	0	16
003181	003176	졸본평양간통로	1	0	16
003184	003177	집안선양간통로	1	0	16
003180	003178	평양국내간통로	1	0	16
003188	003179	후연용성간통로	1	0	16
003192	003201	읍루장훈간통로	1	0	16
003187	003175	용성신성간통로	1	0	16
=====================================================
 고구려
-----------------------------------------------------
006512	000022	　　　고구려초보사냥1	1	0	16
006513	000022	　　　고구려초보사냥2	1	0	16
006514	000022	　　　고구려초보사냥3	1	0	16
006515	000022	　　　고구려초보사냥4	1	0	16
006516	000022	　　　고구려초보사냥5	1	0	16
006507	000022	　고구려초보사냥1	1	0	16
006508	000022	　고구려초보사냥2	1	0	16
006509	000022	　고구려초보사냥3	1	0	16
006510	000022	　고구려초보사냥4	1	0	16
006511	000022	　고구려초보사냥5	1	0	16
001747	001747	고구려-고균도배선실	148	0	1
001746	001746	고구려-고균도선착장	118	0	8
006491	006491	고구려-일본배선실	148	0	1
001809	001809	고구려-일본선착장	119	0	8
003171	003171	고구려개주	1	0	0
000339	000022	고구려곰굴1	5	0	16
000340	000022	고구려곰굴2	5	0	16
000341	000022	고구려곰굴3	5	0	16
000342	000022	고구려곰굴4	5	0	16
000343	000022	고구려곰굴5	5	0	16
000344	000022	고구려곰굴6	5	0	16
000614	000022	고구려무한준비실	1	0	9
002313	002313	고구려영혼사	1	0	9
000331	000022	고구려뱀굴1	3	0	16
000332	000022	고구려뱀굴2	3	0	16
000333	000022	고구려뱀굴3	3	0	16
000334	000022	고구려뱀굴4	3	0	16
000335	000022	고구려뱀굴5	3	0	16
000336	000022	고구려뱀굴6	3	0	16
000337	000022	고구려뱀굴7	3	0	16
000338	000022	고구려뱀굴8	3	0	16
003172	003172	고구려산해관	1	0	0
003173	003173	고구려선양성	1	0	0
003174	003174	고구려숙군성	1	0	0
003170	003170	고구려신성	1	0	0
000392	000022	고구려여우굴1	5	0	16
000401	000022	고구려여우굴10	5	0	16
000393	000022	고구려여우굴2	5	0	16
000394	000022	고구려여우굴3	5	0	16
000395	000022	고구려여우굴4	5	0	16
000396	000022	고구려여우굴5	5	0	16
000397	000022	고구려여우굴6	5	0	16
000398	000022	고구려여우굴7	5	0	16
000399	000022	고구려여우굴8	5	0	16
000400	000022	고구려여우굴9	5	0	16
000320	000022	고구려왕초보사냥1	1	0	16
000321	000022	고구려왕초보사냥2	1	0	16
000322	000022	고구려왕초보사냥3	1	0	16
000323	000022	고구려왕초보사냥4	1	0	16
000324	000022	고구려왕초보사냥5	1	0	16
003175	003175	고구려용성	1	0	0
000024	000022	고구려우성황	1	0	9
000402	000022	고구려자호굴1	5	0	16
000411	000022	고구려자호굴10	5	0	16
000403	000022	고구려자호굴2	5	0	16
000404	000022	고구려자호굴3	5	0	16
000405	000022	고구려자호굴4	5	0	16
000406	000022	고구려자호굴5	5	0	16
000407	000022	고구려자호굴6	5	0	16
000408	000022	고구려자호굴7	5	0	16
000409	000022	고구려자호굴8	5	0	16
000410	000022	고구려자호굴9	5	0	16
003176	003176	고구려졸본성	1	0	0
000023	000022	고구려좌성황	1	0	9
000616	000022	고구려중앙무한장	1	0	96
000325	000022	고구려쥐굴1	5	0	16
000326	000022	고구려쥐굴2	5	0	16
000327	000022	고구려쥐굴3	5	0	16
000328	000022	고구려쥐굴4	5	0	16
000329	000022	고구려쥐굴5	5	0	16
000330	000022	고구려쥐굴6	5	0	16
003177	003177	고구려집안성	1	0	0
006502	000022	고구려초보사냥1	1	0	16
006503	000022	고구려초보사냥2	1	0	16
006504	000022	고구려초보사냥3	1	0	16
006505	000022	고구려초보사냥4	1	0	16
006506	000022	고구려초보사냥5	1	0	16
003178	003178	고구려평양성	1	0	0
003179	003179	고구려후연성	1	0	0
000356	000022	국내돼지굴1	3	0	16
000357	000022	국내돼지굴2	3	0	16
000358	000022	국내돼지굴3	3	0	16
000359	000022	국내돼지굴4	3	0	16
000360	000022	국내돼지굴5	3	0	16
000361	000022	국내돼지굴6	3	0	16
000362	000022	국내돼지굴7	3	0	16
000363	000022	국내돼지굴8	3	0	16
000364	000022	국내돼지굴9	3	0	16
000617	000022	국내문파대결장	1	0	96
000494	000022	국내백륜동1	4	0	16
000503	000022	국내백륜동10	4	0	16
000495	000022	국내백륜동2	4	0	16
000496	000022	국내백륜동3	4	0	16
000497	000022	국내백륜동4	4	0	16
000498	000022	국내백륜동5	4	0	16
000499	000022	국내백륜동6	4	0	16
000500	000022	국내백륜동7	4	0	16
000501	000022	국내백륜동8	4	0	16
000502	000022	국내백륜동9	4	0	16
000535	000022	국내비밀세작의집1	6	0	16
000536	000022	국내비밀세작의집2	6	0	16
000537	000022	국내비밀세작의집3	6	0	16
000538	000022	국내비밀세작의집4	6	0	16
000539	000022	국내비밀세작의집5	6	0	16
000540	000022	국내비밀세작의집6	6	0	16
000541	000022	국내비밀세작의집7	6	0	16
000542	000022	국내비밀세작의집8	6	0	16
000543	000022	국내비밀세작의집9	6	0	16
000345	000022	국내사슴굴1	5	0	16
000354	000022	국내사슴굴10	5	0	16
000346	000022	국내사슴굴2	5	0	16
000347	000022	국내사슴굴3	5	0	16
000348	000022	국내사슴굴4	5	0	16
000349	000022	국내사슴굴5	5	0	16
000350	000022	국내사슴굴6	5	0	16
000351	000022	국내사슴굴7	5	0	16
000352	000022	국내사슴굴8	5	0	16
000353	000022	국내사슴굴9	5	0	16
000022	000022	국내성	1	0	0
001977	000022	국내성신전1	1	0	16
001978	000022	국내성신전2	1	0	16
001979	000022	국내성신전3	1	0	16
001980	000022	국내성신전4	1	0	16
001981	000022	국내성신전5	1	0	16
001982	000022	국내성신전6	1	0	16
001983	000022	국내성신전7	1	0	16
001984	000022	국내성신전8	1	0	16
001985	000022	국내성신전9	1	0	16
000888	000022	국내성왕궁내부	1	0	9
002309	000022	국내성장터	1	0	9
000021	000022	국내성진입로	1	0	0
000572	000022	국내성흉가1	7	0	16
000573	000022	국내성흉가2	7	0	16
000574	000022	국내성흉가3	7	0	16
000575	000022	국내성흉가4	7	0	16
000576	000022	국내성흉가5	7	0	16
000577	000022	국내성흉가6	7	0	16
000578	000022	국내성흉가7	7	0	16
000579	000022	국내성흉가8	7	0	16
000580	000022	국내성흉가9	7	0	16
000457	000022	국내인형굴1	4	0	16
000458	000022	국내인형굴2	4	0	16
000459	000022	국내인형굴3	4	0	16
000460	000022	국내인형굴4	4	0	16
000461	000022	국내인형굴5	4	0	16
000462	000022	국내인형굴6	4	0	16
000463	000022	국내인형굴7	4	0	16
000464	000022	국내인형굴8	4	0	16
000465	000022	국내인형굴9	4	0	16
006519	000022	국내초보사냥1	1	0	16
006520	000022	국내초보사냥2	1	0	16
006521	000022	국내초보사냥3	1	0	16
006522	000022	국내초보사냥4	1	0	16
006523	000022	국내초보사냥5	1	0	16
000420	000022	국내해골굴1	4	0	16
000421	000022	국내해골굴2	4	0	16
000422	000022	국내해골굴3	4	0	16
000423	000022	국내해골굴4	4	0	16
000424	000022	국내해골굴5	4	0	16
000425	000022	국내해골굴6	4	0	16
000426	000022	국내해골굴7	4	0	16
000427	000022	국내해골굴8	4	0	16
000428	000022	국내해골굴9	4	0	16
000412	000022	사마귀굴1	3	0	16
000413	000022	사마귀굴2	3	0	16
000414	000022	사마귀굴3	3	0	16
000415	000022	사마귀굴4	3	0	16
000416	000022	사마귀굴5	3	0	16
000417	000022	사마귀굴6	3	0	16
000418	000022	사마귀굴7	3	0	16
=====================================================
 부여
-----------------------------------------------------
//001000	001000	부여성	1	1	99
//001001	001000	주막연실이네	1	1	99
//001002	001000	주막연실언니네	1	1	99
//001003	001000	주막연실이모네	1	1	99
//001004	001000	부여좌성황	1	1	99
//001005	001000	부여우성황	1	1	99
//001101	001000	부여왕초보사냥1	2	1	99
//001102	001000	부여왕초보사냥1	2	1	99
//001103	001000	부여왕초보사냥1	2	1	99
//001104	001000	부여왕초보사냥1	2	1	99
//001105	001000	부여왕초보사냥1	2	1	99
006492	000014	부여초보사냥1	2	0	16
006493	000014	부여초보사냥2	2	0	16
006494	000014	부여초보사냥3	2	0	16
006495	000014	부여초보사냥4	2	0	16
006496	000014	부여초보사냥5	2	0	16
006497	000014	부여자호사냥1	2	0	16
006498	000014	부여자호사냥2	2	0	16
006499	000014	부여자호사냥3	2	0	16
006500	000014	부여자호사냥4	2	0	16
006501	000014	부여자호사냥5	2	0	16
000615	000022	부무한장	1	0	96
001745	001745	부여-고균도배선실	148	0	1
001744	001744	부여-고균도선착장	118	0	1
006490	006490	부여-일본배선실	148	0	1
001822	001822	부여-일본선착장	119	0	1
001823	001823	부여-일본선착장　	119	0	1
002394	000014	부여감옥	1	0	8
002442	000014	부여경품상1	1	0	16
002443	000014	부여경품상2	1	0	16
002444	000014	부여경품상3	1	0	16
002445	000014	부여경품상4	1	0	16
002446	000014	부여경품상5	1	0	16
002447	000014	부여경품상6	1	0	16
002448	000014	부여경품상7	1	0	16
002449	000014	부여경품상8	1	0	16
000055	000014	부여곰굴1	5	0	16
000056	000014	부여곰굴2	5	0	16
000057	000014	부여곰굴3	5	0	16
000058	000014	부여곰굴4	5	0	16
000059	000014	부여곰굴5	5	0	16
000060	000014	부여곰굴6	5	0	16
003206	003206	부여관령성	2	0	0
002422	000014	부여기원	2	0	9
002423	000014	부여기원방1	2	0	9
002424	000014	부여기원방2	2	0	9
002425	000014	부여놀이방1	2	0	9
002426	000014	부여놀이방2	2	0	9
002427	000014	부여놀이방3	2	0	9
000010	000014	부여도사의길	159	0	9
000009	000014	부여도적의길	159	0	9
000176	000014	부여돼지굴1	3	0	16
000177	000014	부여돼지굴2	3	0	16
000178	000014	부여돼지굴3	3	0	16
000179	000014	부여돼지굴4	3	0	16
000180	000014	부여돼지굴5	3	0	16
000181	000014	부여돼지굴6	3	0	16
000182	000014	부여돼지굴7	3	0	16
000183	000014	부여돼지굴8	3	0	16
000184	000014	부여돼지굴9	3	0	16
003202	003202	부여만번한성	2	0	0
000608	000014	부여무한장	2	0	9
000610	000014	부여무한준비실	2	0	9
002046	002263	부여문파광장	2	0	0
000611	000014	부여문파대결장	2	0	96
000213	000014	부여물망동1	4	0	16
000214	000014	부여물망동2	4	0	16
000215	000014	부여물망동3	4	0	16
000216	000014	부여물망동4	4	0	16
000217	000014	부여물망동5	4	0	16
000218	000014	부여물망동6	4	0	16
000219	000014	부여물망동7	4	0	16
002390	000014	부여미궁매표소	2	0	16
002389	000014	부여미궁입구	2	0	16
000047	000014	부여뱀굴1	3	0	16
000048	000014	부여뱀굴2	3	0	16
000049	000014	부여뱀굴3	3	0	16
000050	000014	부여뱀굴4	3	0	16
000051	000014	부여뱀굴5	3	0	16
000052	000014	부여뱀굴6	3	0	16
000053	000014	부여뱀굴7	3	0	16
000054	000014	부여뱀굴8	3	0	16
003207	003207	부여범안성	2	0	0
000613	000014	부여부무한장	159	0	96
000242	000014	부여비밀세작의집1	105	0	16
000243	000014	부여비밀세작의집2	105	0	16
000244	000014	부여비밀세작의집3	105	0	16
000245	000014	부여비밀세작의집4	105	0	16
000246	000014	부여비밀세작의집5	105	0	16
000247	000014	부여비밀세작의집6	105	0	16
000248	000014	부여비밀세작의집7	105	0	16
000249	000014	부여비밀세작의집8	105	0	16
000250	000014	부여비밀세작의집9	105	0	16
000061	000014	부여사슴굴1	5	0	16
000070	000014	부여사슴굴10	5	0	16
000062	000014	부여사슴굴2	5	0	16
000063	000014	부여사슴굴3	5	0	16
000064	000014	부여사슴굴4	5	0	16
000065	000014	부여사슴굴5	5	0	16
000066	000014	부여사슴굴6	5	0	16
000067	000014	부여사슴굴7	5	0	16
000068	000014	부여사슴굴8	5	0	16
000069	000014	부여사슴굴9	5	0	16
003204	003204	부여상곡성	1	0	16
000014	000014	부여성	2	0	0
001953	000014	부여성신전1	2	0	16
001954	000014	부여성신전2	2	0	16
001955	000014	부여성신전3	2	0	16
001956	000014	부여성신전4	2	0	16
001957	000014	부여성신전5	2	0	16
001958	000014	부여성신전6	2	0	16
001959	000014	부여성신전7	2	0	16
001960	000014	부여성신전8	2	0	16
001961	000014	부여성신전9	2	0	16
001952	000014	부여성신전입구	2	0	16
000889	000014	부여성왕궁내부	2	0	9
000020	000014	부여성진입로	2	0	0
002396	000014	부여소극장	2	0	9
000609	000014	부여소무한장	159	0	96
003199	003199	부여송원성	2	0	0
000011	000014	부여술사의길	2	0	9
003205	003205	부여어양성	2	0	0
000071	000014	부여여우굴1	5	0	16
000080	000014	부여여우굴10	5	0	16
000072	000014	부여여우굴2	5	0	16
000073	000014	부여여우굴3	5	0	16
000074	000014	부여여우굴4	5	0	16
000075	000014	부여여우굴5	5	0	16
000076	000014	부여여우굴6	5	0	16
000077	000014	부여여우굴7	5	0	16
000078	000014	부여여우굴8	5	0	16
000079	000014	부여여우굴9	5	0	16
001492	000014	부여영혼사	2	0	9
001947	000014	부여예식장	2	0	9
000315	000014	부여왕초보사냥1	2	0	16
000316	000014	부여왕초보사냥2	2	0	16
000317	000014	부여왕초보사냥3	2	0	16
000318	000014	부여왕초보사냥4	2	0	16
000319	000014	부여왕초보사냥5	2	0	16
000003	000014	부여우성황	2	0	9
000102	000014	부여유령굴1	3	0	16
000103	000014	부여유령굴2	3	0	16
000104	000014	부여유령굴3	3	0	16
000105	000014	부여유령굴4	3	0	16
000106	000014	부여유령굴5	3	0	16
000107	000014	부여유령굴6	3	0	16
000108	000014	부여유령굴7	3	0	16
000109	000014	부여유령굴8	3	0	16
000110	000014	부여유령굴9	3	0	16
002428	000014	부여윷놀이방	2	0	1
002429	000014	부여윷놀이방1	2	0	1
002430	000014	부여윷놀이방2	2	0	1
002431	000014	부여윷놀이방3	2	0	1
002432	000014	부여윷놀이방4	2	0	1
003201	003201	부여읍루성	2	0	0
000139	000014	부여인형굴1	4	0	16
000140	000014	부여인형굴2	4	0	16
000141	000014	부여인형굴3	4	0	16
000142	000014	부여인형굴4	4	0	16
000143	000014	부여인형굴5	4	0	16
000144	000014	부여인형굴6	4	0	16
000145	000014	부여인형굴7	4	0	16
000146	000014	부여인형굴8	4	0	16
000147	000014	부여인형굴9	4	0	16
000081	000014	부여자호굴1	5	0	16
000090	000014	부여자호굴10	5	0	16
000082	000014	부여자호굴2	5	0	16
000083	000014	부여자호굴3	5	0	16
000084	000014	부여자호굴4	5	0	16
000085	000014	부여자호굴5	5	0	16
000086	000014	부여자호굴6	5	0	16
000087	000014	부여자호굴7	5	0	16
000088	000014	부여자호굴8	5	0	16
000089	000014	부여자호굴9	5	0	16
002433	000014	부여장기방	2	0	1
002434	000014	부여장기방1	2	0	1
002435	000014	부여장기방2	2	0	1
002393	000014	부여장터	2	0	9
003200	003200	부여장훈성	2	0	0
000008	000014	부여전사의길	2	0	9
000002	000014	부여좌성황	2	0	9
000612	000014	부여중앙무한장	2	0	96
000041	000014	부여쥐굴1	5	0	16
000042	000014	부여쥐굴2	5	0	16
000043	000014	부여쥐굴3	5	0	16
000044	000014	부여쥐굴4	5	0	16
000045	000014	부여쥐굴5	5	0	16
000046	000014	부여쥐굴6	5	0	16
002395	000014	부여지하감옥	2	0	9
003203	003203	부여천안궁성	2	0	0
002439	000014	부여카드방	2	0	1
002440	000014	부여카드방1	2	0	1
002441	000014	부여카드방2	2	0	1
002436	000014	부여화투방	2	0	1
002437	000014	부여화투방1	2	0	1
002438	000014	부여화투방2	2	0	1
000279	000014	부여흉가1	7	0	16
000280	000014	부여흉가2	7	0	16
000281	000014	부여흉가3	7	0	16
000282	000014	부여흉가4	7	0	16
000283	000014	부여흉가5	7	0	16
000284	000014	부여흉가6	7	0	16
000285	000014	부여흉가7	7	0	16
000286	000014	부여흉가8	7	0	16
000287	000014	부여흉가9	7	0	16
000091	000014	전갈굴1	4	0	16
000100	000014	전갈굴10	4	0	16
000092	000014	전갈굴2	4	0	16
000093	000014	전갈굴3	4	0	16
000094	000014	전갈굴4	4	0	16
000095	000014	전갈굴5	4	0	16
000096	000014	전갈굴6	4	0	16
000097	000014	전갈굴7	4	0	16
000098	000014	전갈굴8	4	0	16
000099	000014	전갈굴9	4	0	16
002367	000014	흑령굴1	1	0	16
002368	000014	흑령굴2	1	0	16
002369	000014	흑령굴3	1	0	16
002370	000014	흑령굴4	1	0	16
002371	000014	흑령굴5	1	0	16
002372	000014	흑령굴6	1	0	16
002373	000014	흑령굴7	1	0	16
002374	000014	흑령굴8	1	0	16
002375	000014	흑령굴9	1	0	16
002376	000022	흑해골굴1	1	0	16
002377	000022	흑해골굴2	1	0	16
002378	000022	흑해골굴3	1	0	16
002379	000022	흑해골굴4	1	0	16
002380	000022	흑해골굴5	1	0	16
002381	000022	흑해골굴6	1	0	16
002382	000022	흑해골굴7	1	0	16
002383	000022	흑해골굴8	1	0	16
002384	000022	흑해골굴9	1	0	16
======================================================
 한두고개
------------------------------------------------------
002971	002971	한고개	2	0	16
002972	002972	한고개1	2	0	16
002973	002973	한고개2	2	0	16
002974	002974	한고개3	2	0	16
002975	002975	한고개4	2	0	16
002976	002976	한고개5	2	0	16
002982	002982	두고개	2	0	16
002983	002983	두고개　	2	0	16
002980	002980	　두고개　	2	0	16
002981	002981	　두고개　　	2	0	16
002978	002978	　　두고개　　	2	0	16
002979	002979	　　두고개　　　	2	0	16
002977	002977	　　　두고개　　　	2	0	16
002985	002985	세고개	2	0	16
002986	002986	세고개1	2	0	16
002987	002987	세고개2	2	0	16
002988	002988	세고개3	2	0	16
002989	002989	세고개4	2	0	16
002990	002990	세고개5	2	0	16
002991	002991	세고개6	2	0	16
002992	002992	세고개7	2	0	16
002993	002993	세고개8	2	0	16
002994	002994	세고개9	2	0	16
002995	002995	세고개10	2	0	16
002411	002411	네고개	131	0	16
002412	002412	네고개1	131	0	16
002413	002413	네고개2	131	0	16
002414	002414	네고개3	131	0	16
002415	002415	네고개4	131	0	16
002416	002416	네고개5	131	0	16
002417	002417	네고개6	131	0	16
002418	002418	네고개7	131	0	16
002419	002419	네고개8	131	0	16
002420	002420	네고개9	131	0	16
002421	002421	네고개10	131	0	16
002984	002984	용왕다람쥐방	2	0	16
======================================================
 PK 12 지신의 유적
------------------------------------------------------

001948	001948	PK12지신의유적	1	0	32
002450	001948	PK쥐왕굴1	103	0	32
002451	001948	PK쥐왕굴2	103	0	32
002452	001948	PK쥐왕굴3	103	0	32
002453	001948	PK쥐왕굴4	103	0	32
002454	001948	PK쥐왕굴5	103	0	32
002455	001948	PK쥐왕굴6	103	0	32
002456	001948	PK쥐왕굴7	103	0	32
002457	001948	PK쥐왕굴8	103	0	32
002458	001948	PK쥐왕굴9	103	0	32
002523	001948	PK닭왕굴1	103	0	32
002524	001948	PK닭왕굴2	103	0	32
002525	001948	PK닭왕굴3	103	0	32
002526	001948	PK닭왕굴4	103	0	32
002527	001948	PK닭왕굴5	103	0	32
002528	001948	PK닭왕굴6	103	0	16
002529	001948	PK닭왕굴7	103	0	32
002530	001948	PK닭왕굴8	103	0	32
002531	001948	PK닭왕굴9	103	0	32
002482	001948	PK돼지왕굴1	103	0	32
002483	001948	PK돼지왕굴2	103	0	32
002484	001948	PK돼지왕굴3	103	0	32
002485	001948	PK돼지왕굴4	103	0	32
002486	001948	PK돼지왕굴5	103	0	32
002487	001948	PK돼지왕굴6	103	0	32
002488	001948	PK돼지왕굴7	103	0	32
002489	001948	PK돼지왕굴8	103	0	32
002490	001948	PK돼지왕굴9	103	0	32
002491	001948	PK돼지왕굴10	103	0	32
002492	001948	PK말왕굴	5	0	32
002514	001948	PK뱀왕굴1	103	0	32
002515	001948	PK뱀왕굴2	103	0	32
002516	001948	PK뱀왕굴3	103	0	32
002517	001948	PK뱀왕굴4	103	0	32
002518	001948	PK뱀왕굴5	103	0	32
002519	001948	PK뱀왕굴6	103	0	32
002520	001948	PK뱀왕굴7	103	0	32
002521	001948	PK뱀왕굴8	103	0	32
002522	001948	PK뱀왕굴9	103	0	32
002493	001948	PK소왕굴1	103	0	32
002494	001948	PK소왕굴2	103	0	32
002495	001948	PK소왕굴3	103	0	32
002496	001948	PK소왕굴4	103	0	32
002497	001948	PK소왕굴5	103	0	32
002498	001948	PK소왕굴6	103	0	32
002499	001948	PK소왕굴7	103	0	32
002500	001948	PK소왕굴8	103	0	32
002501	001948	PK소왕굴9	103	0	32
002502	001948	PK소왕굴10	103	0	32
002503	001948	PK소왕굴11	103	0	32
002481	001948	PK양왕굴	4	0	32
002467	001948	PK구명곡	5	0	32
002504	001948	PK원숭이왕굴1	103	0	32
002505	001948	PK원숭이왕굴2	103	0	32
002506	001948	PK원숭이왕굴3	103	0	32
002507	001948	PK원숭이왕굴4	103	0	32
002508	001948	PK원숭이왕굴5	103	0	32
002509	001948	PK원숭이왕굴6	103	0	32
002510	001948	PK원숭이왕굴7	103	0	32
002511	001948	PK원숭이왕굴8	103	0	32
002512	001948	PK원숭이왕굴9	103	0	32
002513	001948	PK원숭이왕굴10	103	0	32
002459	001948	PK토끼왕굴1	103	0	32
002460	001948	PK토끼왕굴2	103	0	32
002461	001948	PK토끼왕굴3	103	0	32
002462	001948	PK토끼왕굴4	103	0	32
002463	001948	PK토끼왕굴5	103	0	32
002464	001948	PK토끼왕굴6	103	0	32
002465	001948	PK토끼왕굴7	103	0	32
002466	001948	PK토끼왕굴8	103	0	32
002480	001948	PK수룡,화룡의방	129	0	32
======================================================
 12 지신의 유적
------------------------------------------------------
000632	000632	12지신의유적	103	0	0
000642	000632	토끼왕굴	3	0	16
002105	000632	토끼왕굴1	103	0	16
002106	000632	토끼왕굴2	103	0	16
002107	000632	토끼왕굴3	103	0	16
002108	000632	토끼왕굴4	103	0	16
002109	000632	토끼왕굴5	103	0	16
002110	000632	토끼왕굴6	103	0	16
002111	000632	토끼왕굴7	103	0	16
002112	000632	토끼왕굴8	103	0	16
000641	000632	닭왕굴	3	0	16
002047	000632	닭왕굴1	103	0	16
002048	000632	닭왕굴2	103	0	16
002049	000632	닭왕굴3	103	0	16
002050	000632	닭왕굴4	103	0	16
002051	000632	닭왕굴5	103	0	16
002052	000632	닭왕굴6	103	0	16
002053	000632	닭왕굴7	103	0	16
002054	000632	닭왕굴8	103	0	16
002055	000632	닭왕굴9	103	0	16
000635	000632	돼지왕굴	3	0	16
002056	000632	돼지왕굴1	103	0	16
002065	000632	돼지왕굴10	103	0	16
002057	000632	돼지왕굴2	103	0	16
002058	000632	돼지왕굴3	103	0	16
002059	000632	돼지왕굴4	103	0	16
002060	000632	돼지왕굴5	103	0	16
002061	000632	돼지왕굴6	103	0	16
002062	000632	돼지왕굴7	103	0	16
002063	000632	돼지왕굴8	103	0	16
002064	000632	돼지왕굴9	103	0	16
000636	000632	말왕굴	5	0	16
000640	000632	뱀왕굴	4	0	16
002066	000632	뱀왕굴1	103	0	16
002067	000632	뱀왕굴2	103	0	16
002068	000632	뱀왕굴3	103	0	16
002069	000632	뱀왕굴4	103	0	16
002070	000632	뱀왕굴5	103	0	16
002071	000632	뱀왕굴6	103	0	16
002072	000632	뱀왕굴7	103	0	16
002073	000632	뱀왕굴8	103	0	16
002074	000632	뱀왕굴9	103	0	16
000633	000632	쥐왕굴	5	0	16
002096	000632	쥐왕굴1	103	0	16
002097	000632	쥐왕굴2	103	0	16
002098	000632	쥐왕굴3	103	0	16
002099	000632	쥐왕굴4	103	0	16
002100	000632	쥐왕굴5	103	0	16
002101	000632	쥐왕굴6	103	0	16
002102	000632	쥐왕굴7	103	0	16
002103	000632	쥐왕굴8	103	0	16
002104	000632	쥐왕굴9	103	0	16
000637	000632	소왕굴	4	0	16
002075	000632	소왕굴1	103	0	16
002084	000632	소왕굴10	103	0	16
002085	000632	소왕굴11	103	0	16
002076	000632	소왕굴2	103	0	16
002077	000632	소왕굴3	103	0	16
002078	000632	소왕굴4	103	0	16
002079	000632	소왕굴5	103	0	16
002080	000632	소왕굴6	103	0	16
002081	000632	소왕굴7	103	0	16
002082	000632	소왕굴8	103	0	16
002083	000632	소왕굴9	103	0	16
000639	000632	양왕굴	4	0	16
000634	000632	구명곡	5	0	16
000638	000632	원숭이왕굴	5	0	16
002086	000632	원숭이왕굴1	103	0	16
002095	000632	원숭이왕굴10	103	0	16
002087	000632	원숭이왕굴2	103	0	16
002088	000632	원숭이왕굴3	103	0	16
002089	000632	원숭이왕굴4	103	0	16
002090	000632	원숭이왕굴5	103	0	16
002091	000632	원숭이왕굴6	103	0	16
002092	000632	원숭이왕굴7	103	0	16
002093	000632	원숭이왕굴8	103	0	16
002094	000632	원숭이왕굴9	103	0	16
000669	000632	용왕용겸의침소	129	0	16
000668	000632	용왕용랑의침소	129	0	16
000667	000632	용왕용천의침소	129	0	16
000666	000632	용왕용마의침소	129	0	16
000665	000632	진룡의방	129	0	16
000664	000632	흑룡의방	129	0	16
000663	000632	감룡의방	129	0	16
000662	000632	묵룡의방	129	0	16
000661	000632	용의계곡	129	0	16
000660	000632	용의머리	129	0	16
000659	000632	용의목	0	129	16
000658	000632	용의팔	0	129	16
000657	000632	용의가슴	129	0	16
000656	000632	용의다리	129	0	16
000655	000632	용의꼬리	129	0	16
//쓰지않는맵
002391	000632	건룡의방	129	0	16

//국내성 진원관
012166	000022	진원관대기실	115	0	80
012167	000022	국내진원관1	115	2	80
012168	000022	국내진원관2	115	2	80
012169	000022	국내진원관3	115	2	80
012170	000022	국내진원관4	115	2	80
012171	000022	국내진원관5	115	2	80
012172	000022	국내진원관6	115	2	80
012173	000022	국내진원관7	115	2	80
012174	000022	국내진원관8	115	2	80
012175	000022	국내진원관10(1)	115	0	80
012176	000022	국내진원관10(2)	115	0	80
012177	000022	국내진원관10(3)	115	0	80
012178	000022	국내진원관10(4)	115	0	80
012179	000022	국내진원관10(5)	115	0	80
//국내성 진원관 2지
012267	000022	국내진원관2-1	115	2	80
012268	000022	국내진원관2-2	115	2	80
012269	000022	국내진원관2-3	115	2	80
012270	000022	국내진원관2-4	115	2	80
012271	000022	국내진원관2-5	115	2	80
012272	000022	국내진원관2-6	115	2	80
012273	000022	국내진원관2-7	115	2	80
012274	000022	국내진원관2-8	115	2	80

//국내성 진원관 3지
012367	000022	국내진원관3-1	115	2	80
012368	000022	국내진원관3-2	115	2	80
012369	000022	국내진원관3-3	115	2	80
012370	000022	국내진원관3-4	115	2	80
012371	000022	국내진원관3-5	115	2	80
012372	000022	국내진원관3-6	115	2	80
012373	000022	국내진원관3-7	115	2	80
012374	000022	국내진원관3-8	115	2	80
======================================================
 극지방
------------------------------------------------------
002962	002962	극지방1	116	0	16
002963	002963	극지방2	116	0	16
002964	002964	극지방3	116	0	16
002965	002965	극지방4	116	0	16
002966	002966	극지방5	116	0	16
002967	002967	극지방6	116	0	16
002968	002968	극지방7	116	0	16
002969	002969	극지방8	116	0	16
002970	002970	극지방9	116	0	16
002955	002952	신극지방지역	116	0	0
002951	002952	극지방입구	116	0	0
002959	002952	북극대장간	1	0	9
002952	002952	북극마을1	999	0	0
002960	002952	북극무한장	1	0	96
002958	002952	북극성황당	1	0	9
002956	002952	북극신전	1	0	16
002961	002952	북극점	1	0	16
002954	002952	북극주막	1	0	1
002957	002952	북극푸줏간	1	0	9
002953	002952	북극호수	999	0	16
======================================================
 도삭산 1~1000층
------------------------------------------------------
000976	000976	도삭산	4	0	12
001040	000976	도삭산001층	4	0	16
001041	000976	도삭산002층	4	0	16
001042	000976	도삭산003층	4	0	16
001043	000976	도삭산004층	4	0	16
001044	000976	도삭산005층	4	0	16
001045	000976	도삭산006층	4	0	16
001046	000976	도삭산007층	4	0	16
001047	000976	도삭산008층	4	0	16
001048	000976	도삭산009층	4	0	16
001049	000976	도삭산010층	4	0	16
001050	000976	도삭산091층	3	0	16
001051	000976	도삭산092층	3	0	16
001052	000976	도삭산093층	3	0	16
001053	000976	도삭산094층	3	0	16
001054	000976	도삭산095층	3	0	16
001055	000976	도삭산096층	3	0	16
001056	000976	도삭산097층	3	0	16
001057	000976	도삭산098층	3	0	16
001058	000976	도삭산099층	3	0	16
001059	001059	도삭산100층	3	0	16
001479	001379	도삭산1000층	145	0	16
014502	001379	도삭산1000층상점	1	0	1
000988	001059	도삭산100층갑옷점	3	0	9
000987	001059	도삭산100층대장간	3	0	9
000977	001059	도삭산100층상점	3	0	1
000991	001059	도삭산100층우성황	3	0	9
000990	001059	도삭산100층좌성황	3	0	9
000986	001059	도삭산100층주막	3	0	1
000989	001059	도삭산100층푸줏간	3	0	9
001060	001059	도삭산101층	120	0	16
001061	001059	도삭산102층	120	0	16
001062	001059	도삭산103층	120	0	16
001063	001059	도삭산104층	120	0	16
001064	001059	도삭산105층	120	0	16
001065	001059	도삭산106층	120	0	16
001066	001059	도삭산107층	120	0	16
001067	001059	도삭산108층	120	0	16
001068	001059	도삭산109층	120	0	16
001069	001059	도삭산110층	120	0	16
001070	001059	도삭산191층	3	0	16
001071	001059	도삭산192층	3	0	16
001072	001059	도삭산193층	3	0	16
001073	001059	도삭산194층	3	0	16
001074	001059	도삭산195층	3	0	16
001075	001059	도삭산196층	3	0	16
001076	001059	도삭산197층	3	0	16
001077	001059	도삭산198층	3	0	16
001078	001059	도삭산199층	3	0	16
001079	001079	도삭산200층	3	0	16
000994	001079	도삭산200층갑옷점	3	0	9
000993	001079	도삭산200층대장간	3	0	9
000978	001079	도삭산200층상점	3	0	1
000997	001079	도삭산200층우성황	3	0	9
000996	001079	도삭산200층좌성황	3	0	9
000992	001079	도삭산200층주막	3	0	1
000995	001079	도삭산200층푸줏간	3	0	9
001080	001079	도삭산201층	126	0	16
001081	001079	도삭산202층	126	0	16
001082	001079	도삭산203층	126	0	16
001083	001079	도삭산204층	126	0	16
001084	001079	도삭산205층	126	0	16
001085	001079	도삭산206층	126	0	16
001086	001079	도삭산207층	126	0	16
001087	001079	도삭산208층	126	0	16
001088	001079	도삭산209층	126	0	16
001089	001079	도삭산210층	126	0	16
001090	001079	도삭산291층	122	0	16
001091	001079	도삭산292층	122	0	16
001092	001079	도삭산293층	122	0	16
001093	001079	도삭산294층	122	0	16
001094	001079	도삭산295층	122	0	16
001095	001079	도삭산296층	122	0	16
001096	001079	도삭산297층	122	0	16
001097	001079	도삭산298층	122	0	16
001098	001079	도삭산299층	122	0	16
001099	001099	도삭산300층	122	0	16
001000	001099	도삭산300층갑옷점	122	0	9
000999	001099	도삭산300층대장간	122	0	9
000979	001099	도삭산300층상점	122	0	1
001003	001099	도삭산300층우성황	122	0	9
001002	001099	도삭산300층좌성황	122	0	9
000998	001099	도삭산300층주막	122	0	1
001001	001099	도삭산300층푸줏간	122	0	9
001100	001099	도삭산301층	127	0	16
001101	001099	도삭산302층	127	0	16
001102	001099	도삭산303층	127	0	16
001103	001099	도삭산304층	127	0	16
001104	001099	도삭산305층	127	0	16
001105	001099	도삭산306층	127	0	16
001106	001099	도삭산307층	127	0	16
001107	001099	도삭산308층	127	0	16
001108	001099	도삭산309층	127	0	16
001109	001099	도삭산310층	127	0	16
001110	001099	도삭산391층	122	0	16
001111	001099	도삭산392층	122	0	16
001112	001099	도삭산393층	122	0	16
001113	001099	도삭산394층	122	0	16
001114	001099	도삭산395층	122	0	16
001115	001099	도삭산396층	122	0	16
001116	001099	도삭산397층	122	0	16
001117	001099	도삭산398층	122	0	16
001118	001099	도삭산399층	122	0	16
001119	001119	도삭산400층	122	0	16
001006	001119	도삭산400층갑옷점	122	0	9
001005	001119	도삭산400층대장간	122	0	9
000980	001119	도삭산400층상점	122	0	1
001009	001119	도삭산400층우성황	122	0	9
001008	001119	도삭산400층좌성황	122	0	9
001004	001119	도삭산400층주막	122	0	1
001007	001119	도삭산400층푸줏간	122	0	9
001120	001119	도삭산401층	106	0	16
001121	001119	도삭산402층	106	0	16
001122	001119	도삭산403층	106	0	16
001123	001119	도삭산404층	106	0	16
001124	001119	도삭산405층	106	0	16
001125	001119	도삭산406층	106	0	16
001126	001119	도삭산407층	106	0	16
001127	001119	도삭산408층	106	0	16
001128	001119	도삭산409층	106	0	16
001129	001119	도삭산410층	106	0	16
001130	001119	도삭산491층	106	0	16
001131	001119	도삭산492층	106	0	16
001132	001119	도삭산493층	106	0	16
001133	001119	도삭산494층	106	0	16
001134	001119	도삭산495층	106	0	16
001135	001119	도삭산496층	106	0	16
001136	001119	도삭산497층	106	0	16
001137	001119	도삭산498층	106	0	16
001138	001119	도삭산499층	106	0	16
001139	001139	도삭산500층	106	0	16
001012	001139	도삭산500층갑옷점	106	0	9
001011	001139	도삭산500층대장간	106	0	9
000981	001139	도삭산500층상점	106	0	1
001015	001139	도삭산500층우성황	106	0	9
001014	001139	도삭산500층좌성황	106	0	9
001010	001139	도삭산500층주막	106	0	1
001013	001139	도삭산500층푸줏간	106	0	9
001140	001139	도삭산501층	107	0	16
001141	001139	도삭산502층	107	0	16
001142	001139	도삭산503층	107	0	16
001143	001139	도삭산504층	107	0	16
001144	001139	도삭산505층	107	0	16
001145	001139	도삭산506층	107	0	16
001146	001139	도삭산507층	107	0	16
001147	001139	도삭산508층	107	0	16
001148	001139	도삭산509층	107	0	16
001149	001139	도삭산510층	107	0	16
001150	001139	도삭산591층	107	0	16
001151	001139	도삭산592층	107	0	16
001152	001139	도삭산593층	107	0	16
001153	001139	도삭산594층	107	0	16
001154	001139	도삭산595층	107	0	16
001155	001139	도삭산596층	107	0	16
001156	001139	도삭산597층	107	0	16
001157	001139	도삭산598층	107	0	16
001158	001139	도삭산599층	107	0	16
001159	001159	도삭산600층	107	0	16
001018	001159	도삭산600층갑옷점	107	0	9
001017	001159	도삭산600층대장간	107	0	9
000982	001159	도삭산600층상점	107	0	1
001021	001159	도삭산600층우성황	107	0	9
001020	001159	도삭산600층좌성황	107	0	9
001016	001159	도삭산600층주막	107	0	1
001019	001159	도삭산600층푸줏간	107	0	9
001160	001159	도삭산601층	148	0	16
001161	001159	도삭산602층	148	0	16
001162	001159	도삭산603층	148	0	16
001163	001159	도삭산604층	148	0	16
001164	001159	도삭산605층	148	0	16
001165	001159	도삭산606층	148	0	16
001166	001159	도삭산607층	148	0	16
001167	001159	도삭산608층	148	0	16
001168	001159	도삭산609층	148	0	16
001169	001159	도삭산610층	148	0	16
001170	001159	도삭산691층	135	0	16
001171	001159	도삭산692층	135	0	16
001172	001159	도삭산693층	135	0	16
001173	001159	도삭산694층	135	0	16
001174	001159	도삭산695층	135	0	16
001175	001159	도삭산696층	135	0	16
001176	001159	도삭산697층	135	0	16
001177	001159	도삭산698층	135	0	16
001178	001159	도삭산699층	135	0	16
001179	001179	도삭산700층	135	0	16
001024	001179	도삭산700층갑옷점	135	0	9
001023	001179	도삭산700층대장간	135	0	9
000983	001179	도삭산700층상점	135	0	1
001027	001179	도삭산700층우성황	135	0	9
001026	001179	도삭산700층좌성황	135	0	9
001022	001179	도삭산700층주막	135	0	1
001025	001179	도삭산700층푸줏간	135	0	9
001180	001179	도삭산701층	104	0	16
001181	001179	도삭산702층	104	0	16
001182	001179	도삭산703층	104	0	16
001183	001179	도삭산704층	104	0	16
001184	001179	도삭산705층	104	0	16
001185	001179	도삭산706층	104	0	16
001186	001179	도삭산707층	104	0	16
001187	001179	도삭산708층	104	0	16
001188	001179	도삭산709층	104	0	16
001189	001179	도삭산710층	104	0	16
001190	001179	도삭산711층	104	0	16
001191	001179	도삭산712층	104	0	16
001192	001179	도삭산713층	104	0	16
001193	001179	도삭산714층	104	0	16
001194	001179	도삭산715층	104	0	16
001195	001179	도삭산716층	104	0	16
001196	001179	도삭산717층	104	0	16
001197	001179	도삭산718층	104	0	16
001198	001179	도삭산719층	104	0	16
001199	001179	도삭산720층	104	0	16
001200	001179	도삭산721층	104	0	16
001201	001179	도삭산722층	104	0	16
001202	001179	도삭산723층	104	0	16
001203	001179	도삭산724층	104	0	16
001204	001179	도삭산725층	104	0	16
001205	001179	도삭산726층	104	0	16
001206	001179	도삭산727층	104	0	16
001207	001179	도삭산728층	104	0	16
001208	001179	도삭산729층	104	0	16
001209	001179	도삭산730층	104	0	16
001210	001179	도삭산731층	104	0	16
001211	001179	도삭산732층	104	0	16
001212	001179	도삭산733층	104	0	16
001213	001179	도삭산734층	104	0	16
001214	001179	도삭산735층	104	0	16
001215	001179	도삭산736층	104	0	16
001216	001179	도삭산737층	104	0	16
001217	001179	도삭산738층	104	0	16
001218	001179	도삭산739층	104	0	16
001219	001179	도삭산740층	104	0	16
001220	001179	도삭산741층	104	0	16
001221	001179	도삭산742층	104	0	16
001222	001179	도삭산743층	104	0	16
001223	001179	도삭산744층	104	0	16
001224	001179	도삭산745층	104	0	16
001225	001179	도삭산746층	104	0	16
001226	001179	도삭산747층	104	0	16
001227	001179	도삭산748층	104	0	16
001228	001179	도삭산749층	104	0	16
001229	001179	도삭산750층	104	0	16
001230	001179	도삭산751층	116	0	16
001231	001179	도삭산752층	116	0	16
001232	001179	도삭산753층	116	0	16
001233	001179	도삭산754층	116	0	16
001234	001179	도삭산755층	116	0	16
001235	001179	도삭산756층	116	0	16
001236	001179	도삭산757층	116	0	16
001237	001179	도삭산758층	116	0	16
001238	001179	도삭산759층	116	0	16
001239	001179	도삭산760층	116	0	16
001240	001179	도삭산761층	116	0	16
001241	001179	도삭산762층	116	0	16
001242	001179	도삭산763층	116	0	16
001243	001179	도삭산764층	116	0	16
001244	001179	도삭산765층	116	0	16
001245	001179	도삭산766층	116	0	16
001246	001179	도삭산767층	116	0	16
001247	001179	도삭산768층	116	0	16
001248	001179	도삭산769층	116	0	16
001249	001179	도삭산770층	116	0	16
001250	001179	도삭산771층	116	0	16
001251	001179	도삭산772층	116	0	16
001252	001179	도삭산773층	116	0	16
001253	001179	도삭산774층	116	0	16
001254	001179	도삭산775층	116	0	16
001255	001179	도삭산776층	116	0	16
001256	001179	도삭산777층	116	0	16
001257	001179	도삭산778층	116	0	16
001258	001179	도삭산779층	116	0	16
001259	001179	도삭산780층	116	0	16
001260	001179	도삭산781층	116	0	16
001261	001179	도삭산782층	116	0	16
001262	001179	도삭산783층	116	0	16
001263	001179	도삭산784층	116	0	16
001264	001179	도삭산785층	116	0	16
001265	001179	도삭산786층	116	0	16
001266	001179	도삭산787층	116	0	16
001267	001179	도삭산788층	116	0	16
001268	001179	도삭산789층	116	0	16
001269	001179	도삭산790층	116	0	16
001270	001179	도삭산791층	116	0	16
001271	001179	도삭산792층	116	0	16
001272	001179	도삭산793층	116	0	16
001273	001179	도삭산794층	116	0	16
001274	001179	도삭산795층	116	0	16
001275	001179	도삭산796층	116	0	16
001276	001179	도삭산797층	116	0	16
001277	001179	도삭산798층	116	0	16
001278	001179	도삭산799층	116	0	16
001279	001279	도삭산800층	116	0	16
001030	001279	도삭산800층갑옷점	116	0	9
001029	001279	도삭산800층대장간	116	0	9
000984	001279	도삭산800층상점	116	0	1
001033	001279	도삭산800층우성황	116	0	9
001032	001279	도삭산800층좌성황	116	0	9
001028	001279	도삭산800층주막	116	0	1
001031	001279	도삭산800층푸줏간	116	0	9
001280	001279	도삭산801층	144	0	16
001281	001279	도삭산802층	144	0	16
001282	001279	도삭산803층	144	0	16
001283	001279	도삭산804층	144	0	16
001284	001279	도삭산805층	144	0	16
001285	001279	도삭산806층	144	0	16
001286	001279	도삭산807층	144	0	16
001287	001279	도삭산808층	144	0	16
001288	001279	도삭산809층	144	0	16
001289	001279	도삭산810층	144	0	16
001290	001279	도삭산811층	144	0	16
001291	001279	도삭산812층	144	0	16
001292	001279	도삭산813층	144	0	16
001293	001279	도삭산814층	144	0	16
001294	001279	도삭산815층	144	0	16
001295	001279	도삭산816층	144	0	16
001296	001279	도삭산817층	144	0	16
001297	001279	도삭산818층	144	0	16
001298	001279	도삭산819층	144	0	16
001299	001279	도삭산820층	144	0	16
001300	001279	도삭산821층	144	0	16
001301	001279	도삭산822층	144	0	16
001302	001279	도삭산823층	144	0	16
001303	001279	도삭산824층	144	0	16
001304	001279	도삭산825층	144	0	16
001305	001279	도삭산826층	144	0	16
001306	001279	도삭산827층	144	0	16
001307	001279	도삭산828층	144	0	16
001308	001279	도삭산829층	144	0	16
001309	001279	도삭산830층	144	0	16
001310	001279	도삭산831층	144	0	16
001311	001279	도삭산832층	144	0	16
001312	001279	도삭산833층	144	0	16
001313	001279	도삭산834층	144	0	16
001314	001279	도삭산835층	144	0	16
001315	001279	도삭산836층	144	0	16
001316	001279	도삭산837층	144	0	16
001317	001279	도삭산838층	144	0	16
001318	001279	도삭산839층	144	0	16
001319	001279	도삭산840층	144	0	16
001320	001279	도삭산841층	144	0	16
001321	001279	도삭산842층	144	0	16
001322	001279	도삭산843층	144	0	16
001323	001279	도삭산844층	144	0	16
001324	001279	도삭산845층	144	0	16
001325	001279	도삭산846층	144	0	16
001326	001279	도삭산847층	144	0	16
001327	001279	도삭산848층	144	0	16
001328	001279	도삭산849층	144	0	16
001329	001279	도삭산850층	144	0	16
001330	001279	도삭산851층	144	0	16
001331	001279	도삭산852층	144	0	16
001332	001279	도삭산853층	144	0	16
001333	001279	도삭산854층	144	0	16
001334	001279	도삭산855층	144	0	16
001335	001279	도삭산856층	144	0	16
001336	001279	도삭산857층	144	0	16
001337	001279	도삭산858층	144	0	16
001338	001279	도삭산859층	144	0	16
001339	001279	도삭산860층	144	0	16
001340	001279	도삭산861층	144	0	16
001341	001279	도삭산862층	144	0	16
001342	001279	도삭산863층	144	0	16
001343	001279	도삭산864층	144	0	16
001344	001279	도삭산865층	144	0	16
001345	001279	도삭산866층	144	0	16
001346	001279	도삭산867층	144	0	16
001347	001279	도삭산868층	144	0	16
001348	001279	도삭산869층	144	0	16
001349	001279	도삭산870층	144	0	16
001350	001279	도삭산871층	144	0	16
001351	001279	도삭산872층	144	0	16
001352	001279	도삭산873층	144	0	16
001353	001279	도삭산874층	144	0	16
001354	001279	도삭산875층	144	0	16
001355	001279	도삭산876층	144	0	16
001356	001279	도삭산877층	144	0	16
001357	001279	도삭산878층	144	0	16
001358	001279	도삭산879층	144	0	16
001359	001279	도삭산880층	144	0	16
001360	001279	도삭산881층	144	0	16
001361	001279	도삭산882층	144	0	16
001362	001279	도삭산883층	144	0	16
001363	001279	도삭산884층	144	0	16
001364	001279	도삭산885층	144	0	16
001365	001279	도삭산886층	144	0	16
001366	001279	도삭산887층	144	0	16
001367	001279	도삭산888층	144	0	16
001368	001279	도삭산889층	144	0	16
001369	001279	도삭산890층	144	0	16
001370	001279	도삭산891층	144	0	16
001371	001279	도삭산892층	144	0	16
001372	001279	도삭산893층	144	0	16
001373	001279	도삭산894층	144	0	16
001374	001279	도삭산895층	144	0	16
001375	001279	도삭산896층	144	0	16
001376	001279	도삭산897층	144	0	16
001377	001279	도삭산898층	144	0	16
001378	001279	도삭산899층	144	0	16
001379	001379	도삭산900층	144	0	16
001036	001379	도삭산900층갑옷점	144	0	9
001035	001379	도삭산900층대장간	144	0	9
000985	001379	도삭산900층상점	144	0	1
001039	001379	도삭산900층우성황	144	0	9
001038	001379	도삭산900층좌성황	144	0	9
001034	001379	도삭산900층주막	144	0	1
001037	001379	도삭산900층푸줏간	116	0	9
001380	001379	도삭산901층	145	0	16
001381	001379	도삭산902층	145	0	16
001382	001379	도삭산903층	145	0	16
001383	001379	도삭산904층	145	0	16
001384	001379	도삭산905층	145	0	16
001385	001379	도삭산906층	145	0	16
001386	001379	도삭산907층	145	0	16
001387	001379	도삭산908층	145	0	16
001388	001379	도삭산909층	145	0	16
001389	001379	도삭산910층	145	0	16
001390	001379	도삭산911층	145	0	16
001391	001379	도삭산912층	145	0	16
001392	001379	도삭산913층	145	0	16
001393	001379	도삭산914층	145	0	16
001394	001379	도삭산915층	145	0	16
001395	001379	도삭산916층	145	0	16
001396	001379	도삭산917층	145	0	16
001397	001379	도삭산918층	145	0	16
001398	001379	도삭산919층	145	0	16
001399	001379	도삭산920층	145	0	16
001400	001379	도삭산921층	145	0	16
001401	001379	도삭산922층	145	0	16
001402	001379	도삭산923층	145	0	16
001403	001379	도삭산924층	145	0	16
001404	001379	도삭산925층	145	0	16
001405	001379	도삭산926층	145	0	16
001406	001379	도삭산927층	145	0	16
001407	001379	도삭산928층	145	0	16
001408	001379	도삭산929층	145	0	16
001409	001379	도삭산930층	145	0	16
001410	001379	도삭산931층	145	0	16
001411	001379	도삭산932층	145	0	16
001412	001379	도삭산933층	145	0	16
001413	001379	도삭산934층	145	0	16
001414	001379	도삭산935층	145	0	16
001415	001379	도삭산936층	145	0	16
001416	001379	도삭산937층	145	0	16
001417	001379	도삭산938층	145	0	16
001418	001379	도삭산939층	145	0	16
001419	001379	도삭산940층	145	0	16
001420	001379	도삭산941층	145	0	16
001421	001379	도삭산942층	145	0	16
001422	001379	도삭산943층	145	0	16
001423	001379	도삭산944층	145	0	16
001424	001379	도삭산945층	145	0	16
001425	001379	도삭산946층	145	0	16
001426	001379	도삭산947층	145	0	16
001427	001379	도삭산948층	145	0	16
001428	001379	도삭산949층	145	0	16
001429	001379	도삭산950층	145	0	16
001430	001379	도삭산951층	145	0	16
001431	001379	도삭산952층	145	0	16
001432	001379	도삭산953층	145	0	16
001433	001379	도삭산954층	145	0	16
001434	001379	도삭산955층	145	0	16
001435	001379	도삭산956층	145	0	16
001436	001379	도삭산957층	145	0	16
001437	001379	도삭산958층	145	0	16
001438	001379	도삭산959층	145	0	16
001439	001379	도삭산960층	145	0	16
001440	001379	도삭산961층	145	0	16
001441	001379	도삭산962층	145	0	16
001442	001379	도삭산963층	145	0	16
001443	001379	도삭산964층	145	0	16
001444	001379	도삭산965층	145	0	16
001445	001379	도삭산966층	145	0	16
001446	001379	도삭산967층	145	0	16
001447	001379	도삭산968층	145	0	16
001448	001379	도삭산969층	145	0	16
001449	001379	도삭산970층	145	0	16
001450	001379	도삭산971층	145	0	16
001451	001379	도삭산972층	145	0	16
001452	001379	도삭산973층	145	0	16
001453	001379	도삭산974층	145	0	16
001454	001379	도삭산975층	145	0	16
001455	001379	도삭산976층	145	0	16
001456	001379	도삭산977층	145	0	16
001457	001379	도삭산978층	145	0	16
001458	001379	도삭산979층	145	0	16
001459	001379	도삭산980층	145	0	16
001460	001379	도삭산981층	145	0	16
001461	001379	도삭산982층	145	0	16
001462	001379	도삭산983층	145	0	16
001463	001379	도삭산984층	145	0	16
001464	001379	도삭산985층	145	0	16
001465	001379	도삭산986층	145	0	16
001466	001379	도삭산987층	145	0	16
001467	001379	도삭산988층	145	0	16
001468	001379	도삭산989층	145	0	16
001469	001379	도삭산990층	145	0	16
001470	001379	도삭산991층	145	0	16
001471	001379	도삭산992층	129	0	16
001472	001379	도삭산993층	145	0	16
001473	001379	도삭산994층	145	0	16
001474	001379	도삭산995층	145	0	16
001475	001379	도삭산996층	145	0	16
001476	001379	도삭산997층	145	0	16
001477	001379	도삭산998층	145	0	16
001478	001379	도삭산999층	145	0	16
014503	004503	도삭산비밀의방	1	0	16
======================================================
 산적굴
------------------------------------------------------
000623	000622	산적굴1	114	0	16
000624	000622	산적굴2	114	0	16
000625	000622	산적굴3	114	0	16
000626	000622	산적굴4	114	0	16
000627	000622	산적굴5	114	0	16
000628	000622	산적굴6	114	0	16
000629	000622	산적굴7	114	0	16
000630	000622	산적굴8	114	0	16
000631	000622	산적굴9	114	0	16
000622	000622	산적소굴	114	0	16
======================================================
 일본
------------------------------------------------------
001824	001836	비밀통로................	111	0	16
002197	001836	비밀통로................	111	0	16
016012	001836	비밀통로................	111	0	16
001815	001836	본성입구1	119	0	16
001816	001836	본성입구2	119	0	16
001817	001836	본성입구3	119	0	16
001818	001836	본성입구4	119	0	16
001819	001836	본성입구5	119	0	16
001820	001836	본성입구6	119	0	16
001821	001836	본성입구7	119	0	16
001814	001836	백향의방	119	0	16
002122	001836	백향의방1	119	0	16
002131	001836	백향의방10	119	0	16
002132	001836	백향의방11	119	0	16
002133	001836	백향의방12	119	0	16
002134	001836	백향의방13	119	0	16
002135	001836	백향의방14	119	0	16
002136	001836	백향의방15	119	0	16
002137	001836	백향의방16	119	0	16
002123	001836	백향의방2	119	0	16
002124	001836	백향의방3	119	0	16
002125	001836	백향의방4	119	0	16
002126	001836	백향의방5	119	0	16
002127	001836	백향의방6	119	0	16
002128	001836	백향의방7	119	0	16
002129	001836	백향의방8	119	0	16
002130	001836	백향의방9	119	0	16
001830	001836	이가닌자'마의집	119	0	16
001831	001836	이가닌자'병의집	119	0	16
001832	001836	이가닌자'수의집	119	0	16
001833	001836	이가닌자'영의집	119	0	16
001834	001836	이가닌자'화의집	119	0	16
001835	001836	일본대장간	119	0	16
001836	001836	일본신궁	119	0	16
001987	001836	일본신전1	154	0	16
001988	001836	일본신전2	154	0	16
001989	001836	일본신전3	154	0	16
001990	001836	일본신전4	154	0	16
001991	001836	일본신전5	154	0	16
001992	001836	일본신전6	154	0	16
001993	001836	일본신전7	154	0	16
001994	001836	일본신전8	154	0	16
001995	001836	일본신전9	154	0	16
001966	001836	일본신전입구	1	0	16
001838	001836	일본우성황	119	0	9
002533	001836	일본전설대장장이의집	1	0	9
001839	001836	일본좌성황	119	0	9
001840	001836	일본주막	119	0	1
002532	001836	일본포목상	1	0	9
002900	001837	일본표신궁	119	0	0
001841	001836	일본푸줏간	119	0	9
001825	001836	숲지대1	119	0	16
001826	001836	숲지대2	119	0	16
001827	001836	숲지대3	119	0	16
001828	001836	숲지대4	119	0	16
002164	001836	무사의방1	119	0	16
002165	001836	무사의방2	119	0	16
002166	001836	무사의방3	119	0	16
002167	001836	무사의방4	119	0	16
002168	001836	무사의방5	119	0	16
002169	001836	무사의방6	119	0	16
002170	001836	무사의방7	119	0	16
002171	001836	무사의방8	119	0	16
002172	001836	무사의방9	119	0	16
002173	001836	무사의방10	119	0	16
002401	001836	늑대인간굴1	112	0	16
002410	001836	늑대인간굴10	112	0	16
002402	001836	늑대인간굴2	112	0	16
002403	001836	늑대인간굴3	112	0	16
002404	001836	늑대인간굴4	112	0	16
002405	001836	늑대인간굴5	112	0	16
002406	001836	늑대인간굴6	112	0	16
002407	001836	늑대인간굴7	112	0	16
002408	001836	늑대인간굴8	112	0	16
002409	001836	늑대인간굴9	112	0	16
002138	001836	닌자의방1	119	0	16
002139	001836	닌자의방2	119	0	16
002140	001836	닌자의방3	119	0	16
002141	001836	닌자의방4	119	0	16
002142	001836	닌자의방5	119	0	16
002143	001836	닌자의방6	119	0	16
002144	001836	닌자의방7	119	0	16
002145	001836	닌자의방8	119	0	16
002146	001836	닌자의방9	119	0	16
001812	001836	문려의방	119	0	16
002198	001836	문려의방1	111	0	16
016007	001836	문려의방10	111	0	16
016008	001836	문려의방11	111	0	16
016009	001836	문려의방12	111	0	16
016010	001836	문려의방13	111	0	16
016011	001836	문려의방14	111	0	16
002199	001836	문려의방2	111	0	16
016000	001836	문려의방3	111	0	16
016001	001836	문려의방4	111	0	16
016002	001836	문려의방5	111	0	16
016003	001836	문려의방6	111	0	16
016004	001836	문려의방7	111	0	16
016005	001836	문려의방8	111	0	16
016006	001836	문려의방9	111	0	16
001813	001836	문지기의방	119	0	16
002178	001836	문지기의방1	119	0	16
002187	001836	문지기의방10	119	0	16
002188	001836	문지기의방11	119	0	16
002189	001836	문지기의방12	119	0	16
002179	001836	문지기의방2	119	0	16
002180	001836	문지기의방3	119	0	16
002181	001836	문지기의방4	119	0	16
002182	001836	문지기의방5	119	0	16
002183	001836	문지기의방6	119	0	16
002184	001836	문지기의방7	119	0	16
002185	001836	문지기의방8	119	0	16
002186	001836	문지기의방9	119	0	16
002147	001836	선녀의방1	111	0	16
002156	001836	선녀의방10	111	0	16
002157	001836	선녀의방11	111	0	16
002158	001836	선녀의방12	111	0	16
002159	001836	선녀의방13	111	0	16
002160	001836	선녀의방14	111	0	16
002161	001836	선녀의방15	111	0	16
002162	001836	선녀의방16	111	0	16
002163	001836	선녀의방17	111	0	16
002148	001836	선녀의방2	111	0	16
002149	001836	선녀의방3	111	0	16
002150	001836	선녀의방4	111	0	16
002151	001836	선녀의방5	111	0	16
002152	001836	선녀의방6	111	0	16
002153	001836	선녀의방7	111	0	16
002154	001836	선녀의방8	111	0	16
002155	001836	선녀의방9	111	0	16
002174	001836	진의방	113	0	16
001829	001836	유성지의방	112	0	16
001844	001836	해골왕의방	112	0	16
001842	001836	파괴왕의제단	138	0	16
002910	001837	표신궁닌자의방1	111	0	16
002911	001837	표신궁닌자의방2	111	0	16
002912	001837	표신궁닌자의방3	111	0	16
002913	001837	표신궁닌자의방4	111	0	16
002914	001837	표신궁닌자의방5	111	0	16
002915	001837	표신궁닌자의방6	111	0	16
002916	001837	표신궁닌자의방7	111	0	16
002917	001837	표신궁닌자의방8	111	0	16
002918	001837	표신궁닌자의방9	111	0	16
002901	001837	표신궁문려의방1	111	0	16
002902	001837	표신궁문려의방2	111	0	16
002903	001837	표신궁문려의방3	111	0	16
002904	001837	표신궁문려의방4	111	0	16
002905	001837	표신궁문려의방5	111	0	16
002906	001837	표신궁문려의방6	111	0	16
002907	001837	표신궁문려의방7	111	0	16
002908	001837	표신궁문려의방8	111	0	16
002909	001837	표신궁문려의방9	111	0	16
002928	001837	표신궁문지기의방1	111	0	16
002929	001837	표신궁문지기의방2	111	0	16
002930	001837	표신궁문지기의방3	111	0	16
002931	001837	표신궁문지기의방4	111	0	16
002932	001837	표신궁문지기의방5	111	0	16
002933	001837	표신궁문지기의방6	111	0	16
002934	001837	표신궁문지기의방7	111	0	16
002935	001837	표신궁문지기의방8	111	0	16
002936	001837	표신궁문지기의방9	111	0	16
002919	001837	표신궁백향의방1	113	0	16
002920	001837	표신궁백향의방2	113	0	16
002921	001837	표신궁백향의방3	113	0	16
002922	001837	표신궁백향의방4	113	0	16
002923	001837	표신궁백향의방5	113	0	16
002924	001837	표신궁백향의방6	113	0	16
002925	001837	표신궁백향의방7	113	0	16
002926	001837	표신궁백향의방8	113	0	16
002927	001837	표신궁백향의방9	113	0	16
002937	001837	표신궁본성입구1	113	0	16
002938	001837	표신궁본성입구2	113	0	16
002939	001837	표신궁본성입구3	113	0	16
002940	001837	표신궁본성입구4	113	0	16
002941	001837	표신궁본성입구5	113	0	16
002942	001837	표신궁본성입구6	113	0	16
002943	001837	표신궁본성입구7	113	0	16
002944	001837	표신궁본성입구8	113	0	16
002945	001837	표신궁본성입구9	113	0	16
002534	001837	표신궁역사가의집	113	0	0
002006	000927	순제의방	138	0	16
002010	002010	반고의방	138	0	16
001654	001654	반고의신전1	143	0	16
001655	001655	반고의신전2	143	0	16
001656	001656	반고의신전3	143	0	16
001657	001657	반고의신전4	143	0	16
001658	001658	반고의신전5	143	0	16
001659	001659	반고의신전6	143	0	16
001660	001660	반고의신전7	143	0	16
001661	001661	반고의신전8	143	0	16
001662	001662	반고의신전9	143	0	16
======================================================
 중국
------------------------------------------------------
000856	000856	만리장성1	102	0	16
000857	000857	만리장성2	102	0	16
000858	000858	만리장성3	102	0	16
000859	000859	만리장성4	102	0	16
000967	000967	상해1	142	0	16
000968	000967	상해2	142	0	16
000969	000967	상해3	142	0	16
000972	000967	상해갑옷점	142	0	9
000971	000967	상해대장간	142	0	9
000975	000967	상해우성황	142	0	9
000974	000967	상해좌성황	142	0	9
000970	000967	상해주막	142	0	1
000973	000967	상해푸줏간	142	0	9
003040	000861	현도살쾡이굴1	131	0	16
003049	000861	현도살쾡이굴10	131	0	16
003041	000861	현도살쾡이굴2	131	0	16
003042	000861	현도살쾡이굴3	131	0	16
003043	000861	현도살쾡이굴4	131	0	16
003044	000861	현도살쾡이굴5	131	0	16
003045	000861	현도살쾡이굴6	131	0	16
003046	000861	현도살쾡이굴7	131	0	16
003047	000861	현도살쾡이굴8	131	0	16
003048	000861	현도살쾡이굴9	131	0	16
000861	000861	현도성	101	0	0
000877	000861	현도성갑옷점	101	0	9
000876	000861	현도성대장간	101	0	9
000880	000861	현도성우성황	101	0	9
000879	000861	현도성좌성황	101	0	9
000875	000861	현도성주막	101	0	1
000878	000861	현도성푸줏간	101	0	9
003030	000861	현도천구굴1	106	0	16
003039	000861	현도천구굴10	106	0	16
003031	000861	현도천구굴2	106	0	16
003032	000861	현도천구굴3	106	0	16
003033	000861	현도천구굴4	106	0	16
003034	000861	현도천구굴5	106	0	16
003035	000861	현도천구굴6	106	0	16
003036	000861	현도천구굴7	106	0	16
003037	000861	현도천구굴9	106	0	16
003038	000861	현도천구굴9	106	0	16
003140	014500	복건기린굴1	141	0	16
003149	014500	복건기린굴10	141	0	16
003141	014500	복건기린굴2	141	0	16
003142	014500	복건기린굴3	141	0	16
003143	014500	복건기린굴4	141	0	16
003144	014500	복건기린굴5	141	0	16
003145	014500	복건기린굴6	141	0	16
003146	014500	복건기린굴7	141	0	16
003147	014500	복건기린굴8	141	0	16
003148	014500	복건기린굴9	141	0	16
003160	014500	복건무슈후슈굴1	141	0	16
003169	014500	복건무슈후슈굴10	141	0	16
003161	014500	복건무슈후슈굴2	141	0	16
003162	014500	복건무슈후슈굴3	141	0	16
003163	014500	복건무슈후슈굴4	141	0	16
003164	014500	복건무슈후슈굴5	141	0	16
003165	014500	복건무슈후슈굴6	141	0	16
003166	014500	복건무슈후슈굴7	141	0	16
003167	014500	복건무슈후슈굴8	141	0	16
003168	014500	복건무슈후슈굴9	141	0	16
014500	014500	복건성	1	0	0
000941	014500	복건성갑옷점	141	0	9
000940	014500	복건성대장간	141	0	9
000944	014500	복건성우성황	141	0	9
000943	014500	복건성좌성황	141	0	9
000946	014500	복건성주막	141	0	1
000942	014500	복건성푸줏간	141	0	9
003150	014500	복건천리마굴1	4	0	16
003159	014500	복건천리마굴10	4	0	16
003151	014500	복건천리마굴2	4	0	16
003152	014500	복건천리마굴3	4	0	16
003153	014500	복건천리마굴4	4	0	16
003154	014500	복건천리마굴5	4	0	16
003155	014500	복건천리마굴6	4	0	16
003156	014500	복건천리마굴7	4	0	16
003157	014500	복건천리마굴8	4	0	16
003158	014500	복건천리마굴9	4	0	16
002949	002949	북장군의방	111	0	16
000957	000860	남경1	143	0	16
000966	000860	남경10	143	0	16
000958	000860	남경2	143	0	16
000959	000860	남경3	143	0	16
000960	000860	남경4	143	0	16
000961	000860	남경5	143	0	16
000962	000860	남경6	143	0	16
000963	000860	남경7	143	0	16
000964	000860	남경8	143	0	16
000965	000860	남경9	143	0	16
000947	000862	남양1	143	0	16
000956	000862	남양10	143	0	16
000948	000862	남양2	143	0	16
000949	000862	남양3	143	0	16
000950	000862	남양4	143	0	16
000951	000862	남양5	143	0	16
000952	000862	남양6	143	0	16
000953	000862	남양7	143	0	16
000954	000862	남양8	143	0	16
000955	000862	남양9	143	0	16
003120	000927	뇌신굴1	147	0	16
003129	000927	뇌신굴10	147	0	16
003121	000927	뇌신굴2	147	0	16
003122	000927	뇌신굴3	147	0	16
003123	000927	뇌신굴4	147	0	16
003124	000927	뇌신굴5	147	0	16
003125	000927	뇌신굴6	147	0	16
003126	000927	뇌신굴7	147	0	16
003127	000927	뇌신굴8	147	0	16
003128	000927	뇌신굴9	147	0	16
003110	000927	광동괴성굴1	147	0	16
003119	000927	광동괴성굴10	147	0	16
003111	000927	광동괴성굴2	147	0	16
003112	000927	광동괴성굴3	147	0	16
003113	000927	광동괴성굴4	147	0	16
003114	000927	광동괴성굴5	147	0	16
003115	000927	광동괴성굴6	147	0	16
003116	000927	광동괴성굴7	147	0	16
003117	000927	광동괴성굴8	147	0	16
003118	000927	광동괴성굴9	147	0	16
000927	000927	광동성	141	0	0
000936	000927	광동성갑옷점	141	0	9
000935	000927	광동성대장간	141	0	9
001967	000927	광동성신전입구	1	0	8
000939	000927	광동성우성황	141	0	9
000938	000927	광동성좌성황	141	0	9
000945	000927	광동성주막	141	0	1
000937	000927	광동성푸줏간	141	0	9
003130	000927	광동천리마굴1	4	0	16
003139	000927	광동천리마굴10	4	0	16
003131	000927	광동천리마굴2	4	0	16
003132	000927	광동천리마굴3	4	0	16
003133	000927	광동천리마굴4	4	0	16
003134	000927	광동천리마굴5	4	0	16
003135	000927	광동천리마굴6	4	0	16
003136	000927	광동천리마굴7	4	0	16
003137	000927	광동천리마굴8	4	0	16
003138	000927	광동천리마굴9	4	0	16
003100	000926	무슈후슈굴1	141	0	16
003109	000926	무슈후슈굴10	141	0	16
003101	000926	무슈후슈굴2	141	0	16
003102	000926	무슈후슈굴3	141	0	16
003103	000926	무슈후슈굴4	141	0	16
003104	000926	무슈후슈굴5	141	0	16
003105	000926	무슈후슈굴6	141	0	16
003106	000926	무슈후슈굴7	141	0	16
003107	000926	무슈후슈굴8	141	0	16
003108	000926	무슈후슈굴9	141	0	16
003080	000926	강서기린굴1	141	0	16
003089	000926	강서기린굴10	141	0	16
003081	000926	강서기린굴2	141	0	16
003082	000926	강서기린굴3	141	0	16
003083	000926	강서기린굴4	141	0	16
003084	000926	강서기린굴5	141	0	16
003085	000926	강서기린굴6	141	0	16
003086	000926	강서기린굴7	141	0	16
003087	000926	강서기린굴8	141	0	16
003088	000926	강서기린굴9	141	0	16
000926	000926	강서성	141	0	0
000931	000926	강서성갑옷점	141	0	9
000930	000926	강서성대장간	141	0	9
000934	000926	강서성우성황	141	0	9
000933	000926	강서성좌성황	141	0	9
000929	000926	강서성주막	141	0	1
000932	000926	강서성푸줏간	141	0	9
003090	000926	강서염유굴1	141	0	16
003099	000926	강서염유굴10	141	0	16
003091	000926	강서염유굴2	141	0	16
003092	000926	강서염유굴3	141	0	16
003093	000926	강서염유굴4	141	0	16
003094	000926	강서염유굴5	141	0	16
003095	000926	강서염유굴6	141	0	16
003096	000926	강서염유굴7	141	0	16
003097	000926	강서염유굴8	141	0	16
003098	000926	강서염유굴9	141	0	16
000862	000862	장안성	101	0	0
000883	000862	장안성갑옷점	101	0	9
003070	000862	장안성강속1	1	0	16
003079	000862	장안성강속10	1	0	16
003071	000862	장안성강속2	1	0	16
003072	000862	장안성강속3	1	0	16
003073	000862	장안성강속4	1	0	16
003074	000862	장안성강속5	1	0	16
003075	000862	장안성강속6	1	0	16
003076	000862	장안성강속7	1	0	16
003077	000862	장안성강속8	1	0	16
003078	000862	장안성강속9	1	0	16
000882	000862	장안성대장간	101	0	9
001968	000862	장안성신전1	153	0	16
001969	000862	장안성신전2	153	0	16
001970	000862	장안성신전3	153	0	16
001971	000862	장안성신전4	153	0	16
001972	000862	장안성신전5	153	0	16
001973	000862	장안성신전6	153	0	16
001974	000862	장안성신전7	153	0	16
001975	000862	장안성신전8	153	0	16
001976	000862	장안성신전9	153	0	16
001963	000862	장안성신전입구	1	0	16
000886	000862	장안성우성황	101	0	9
000885	000862	장안성좌성황	101	0	9
000881	000862	장안성주막	101	0	1
000884	000862	장안성푸줏간	101	0	9
000887	000862	장안성황궁내부1	101	0	9
000890	000862	장안성황궁내부2	101	0	9
000891	000862	장안성황궁내부3	101	0	9
004001	000862	무타의집	101	0	0
003050	000860	낙양살쾡이굴1	131	0	16
003059	000860	낙양살쾡이굴10	131	0	16
003051	000860	낙양살쾡이굴2	131	0	16
003052	000860	낙양살쾡이굴3	131	0	16
003053	000860	낙양살쾡이굴4	131	0	16
003054	000860	낙양살쾡이굴5	131	0	16
003055	000860	낙양살쾡이굴6	131	0	16
003056	000860	낙양살쾡이굴7	131	0	16
003057	000860	낙양살쾡이굴8	131	0	16
003058	000860	낙양살쾡이굴9	131	0	16
000860	000860	낙양성	101	0	0
000871	000860	낙양성갑옷점	101	0	9
000870	000860	낙양성대장간	101	0	9
000874	000860	낙양성우성황	101	0	9
000873	000860	낙양성좌성황	101	0	9
000869	000860	낙양성주막	101	0	1
000872	000860	낙양성푸줏간	101	0	9
003010	000860	낙양악어굴1	1	0	16
003019	000860	낙양악어굴10	1	0	16
003011	000860	낙양악어굴2	1	0	16
003012	000860	낙양악어굴3	1	0	16
003013	000860	낙양악어굴4	1	0	16
003014	000860	낙양악어굴5	1	0	16
003015	000860	낙양악어굴6	1	0	16
003016	000860	낙양악어굴7	1	0	16
003017	000860	낙양악어굴8	1	0	16
003018	000860	낙양악어굴9	1	0	16
003060	000860	낙양천구굴1	106	0	16
003069	000860	낙양천구굴10	106	0	16
003061	000860	낙양천구굴2	106	0	16
003062	000860	낙양천구굴3	106	0	16
003063	000860	낙양천구굴4	106	0	16
003064	000860	낙양천구굴5	106	0	16
003065	000860	낙양천구굴6	106	0	16
003066	000860	낙양천구굴7	106	0	16
003067	000860	낙양천구굴9	106	0	16
003068	000860	낙양천구굴9	106	0	16
000673	000673	대방성	101	0	0
000865	000673	대방성갑옷점	101	0	9
000864	000673	대방성대장간	101	0	9
000868	000673	대방성우성황	101	0	9
000672	000673	대방성입구	103	0	0
000867	000673	대방성좌성황	101	0	9
000863	000673	대방성주막	101	0	1
000866	000673	대방성푸줏간	101	0	9
003000	000673	대방살쾡이굴1	107	0	16
003009	000673	대방살쾡이굴10	107	0	16
003001	000673	대방살쾡이굴2	107	0	16
003002	000673	대방살쾡이굴3	107	0	16
003003	000673	대방살쾡이굴4	107	0	16
003004	000673	대방살쾡이굴5	107	0	16
003005	000673	대방살쾡이굴6	107	0	16
003006	000673	대방살쾡이굴7	107	0	16
003007	000673	대방살쾡이굴8	107	0	16
003008	000673	대방살쾡이굴9	107	0	16
002021	000673	대방성코뿔소굴1	106	0	16
002022	000673	대방성코뿔소굴2	106	0	16
002023	000673	대방성코뿔소굴3	106	0	16
002024	000673	대방성코뿔소굴4	106	0	16
002025	000673	대방성코뿔소굴5	106	0	16
002026	000673	대방성코뿔소굴6	106	0	16
002027	000673	대방성코뿔소굴7	106	0	16
002028	000673	대방성코뿔소굴8	106	0	16
002029	000673	대방성코뿔소굴9	106	0	16
002030	000673	대방성코뿔소굴10	106	0	16
002031	000673	대방성악어굴1	107	0	16
002040	000673	대방성악어굴10	07	0	16
002032	000673	대방성악어굴2	107	0	16
002033	000673	대방성악어굴3	107	0	16
002034	000673	대방성악어굴4	107	0	16
002035	000673	대방성악어굴5	107	0	16
002036	000673	대방성악어굴6	107	0	16
002037	000673	대방성악어굴7	107	0	16
002038	000673	대방성악어굴8	107	0	16
002039	000673	대방성악어굴9	107	0	16
001846	000673	고양이굴1	107	0	16
001847	000673	고양이굴2	107	0	16
001848	000673	고양이굴3	107	0	16
001849	000673	고양이굴4	107	0	16
001850	000673	고양이굴5	107	0	16
001851	000673	고양이굴6	107	0	16
001852	000673	고양이굴7	107	0	16
001853	000673	고양이굴8	107	0	16
001854	000673	고양이굴9	107	0	16
001855	000673	고양이굴10	107	0	16
003020	000861	후굴1	108	0	16
003021	000861	후굴2	108	0	16
003022	000861	후굴3	108	0	16
003023	000861	후굴4	108	0	16
003024	000861	후굴5	108	0	16
003025	000861	후굴6	108	0	16
003026	000861	후굴7	108	0	16
003027	000861	후굴8	108	0	16
003028	000861	후굴9	108	0	16
003029	000861	후굴10	108	0	16
000711	000673	선비대군장의방	104	0	16
000675	000673	선비족1	104	0	16
000704	000673	선비족1-1(1)	104	0	16
000705	000673	선비족1-1(2)	104	0	16
000706	000673	선비족1-1(3)	104	0	16
000707	000673	선비족1-1(4)	104	0	16
000708	000673	선비족1-1(5)	104	0	16
000709	000673	선비족1-1(6)	104	0	16
000710	000673	선비족1-1(7)	104	0	16
000697	000673	선비족1-2(1)	104	0	16
000698	000673	선비족1-2(2)	104	0	16
000699	000673	선비족1-2(3)	104	0	16
000700	000673	선비족1-2(4)	104	0	16
000701	000673	선비족1-2(5)	104	0	16
000702	000673	선비족1-2(6)	104	0	16
000703	000673	선비족1-2(7)	104	0	16
000690	000673	선비족1-3(1)	104	0	16
000691	000673	선비족1-3(2)	104	0	16
000692	000673	선비족1-3(3)	104	0	16
000693	000673	선비족1-3(4)	104	0	16
000694	000673	선비족1-3(5)	104	0	16
000695	000673	선비족1-3(6)	104	0	16
000696	000673	선비족1-3(7)	104	0	16
000683	000673	선비족1-4(1)	104	0	16
000684	000673	선비족1-4(2)	104	0	16
000685	000673	선비족1-4(3)	104	0	16
000686	000673	선비족1-4(4)	104	0	16
000687	000673	선비족1-4(5)	104	0	16
000688	000673	선비족1-4(6)	104	0	16
000689	000673	선비족1-4(7)	104	0	16
000676	000673	선비족1-5(1)	104	0	16
000677	000673	선비족1-5(2)	104	0	16
000678	000673	선비족1-5(3)	104	0	16
000679	000673	선비족1-5(4)	104	0	16
000680	000673	선비족1-5(5)	104	0	16
000681	000673	선비족1-5(6)	104	0	16
000682	000673	선비족1-5(7)	104	0	16
000712	000673	선비족2	104	0	16
0000713	000673	선비족2-1(1)	104	0	16
000714	000673	선비족2-1(2)	104	0	16
000715	000673	선비족2-1(3)	104	0	16
000716	000673	선비족2-1(4)	104	0	16
000717	000673	선비족2-1(5)	104	0	16
000718	000673	선비족2-1(6)	104	0	16
000719	000673	선비족2-1(7)	104	0	16
000720	000673	선비족2-2(1)	104	0	16
000721	000673	선비족2-2(2)	104	0	16
000722	000673	선비족2-2(3)	104	0	16
000723	000673	선비족2-2(4)	104	0	16
000724	000673	선비족2-2(5)	104	0	16
000725	000673	선비족2-2(6)	104	0	16
000726	000673	선비족2-2(7)	104	0	16
000727	000673	선비족2-3(1)	104	0	16
000728	000673	선비족2-3(2)	104	0	16
000729	000673	선비족2-3(3)	104	0	16
000730	000673	선비족2-3(4)	104	0	16
000731	000673	선비족2-3(5)	104	0	16
000732	000673	선비족2-3(6)	104	0	16
000733	000673	선비족2-3(7)	104	0	16
000734	000673	선비족2-4(1)	104	0	16
000735	000673	선비족2-4(2)	104	0	16
000736	000673	선비족2-4(3)	104	0	16
000737	000673	선비족2-4(4)	104	0	16
000738	000673	선비족2-4(5)	104	0	16
000739	000673	선비족2-4(6)	104	0	16
000740	000673	선비족2-4(7)	104	0	16
000741	000673	선비족2-5(1)	104	0	16
000742	000673	선비족2-5(2)	104	0	16
000743	000673	선비족2-5(3)	104	0	16
000744	000673	선비족2-5(4)	104	0	16
000745	000673	선비족2-5(5)	104	0	16
000746	000673	선비족2-5(6)	104	0	16
000747	000673	선비족2-5(7)	104	0	16
000748	000673	선비족3	104	0	16
000749	000673	선비족3-1(1)	104	0	16
000750	000673	선비족3-1(2)	104	0	16
000751	000673	선비족3-1(3)	104	0	16
000752	000673	선비족3-1(4)	104	0	16
000753	000673	선비족3-1(5)	104	0	16
000754	000673	선비족3-1(6)	104	0	16
000755	000673	선비족3-1(7)	104	0	16
000756	000673	선비족3-2(1)	104	0	16
000757	000673	선비족3-2(2)	104	0	16
000758	000673	선비족3-2(3)	104	0	16
000759	000673	선비족3-2(4)	104	0	16
000760	000673	선비족3-2(5)	104	0	16
000761	000673	선비족3-2(6)	104	0	16
000762	000673	선비족3-2(7)	104	0	16
000763	000673	선비족3-3(1)	104	0	16
000764	000673	선비족3-3(2)	104	0	16
000765	000673	선비족3-3(3)	104	0	16
000766	000673	선비족3-3(4)	104	0	16
000767	000673	선비족3-3(5)	104	0	16
000768	000673	선비족3-3(6)	104	0	16
000769	000673	선비족3-3(7)	104	0	16
000770	000673	선비족3-4(1)	104	0	16
000771	000673	선비족3-4(2)	104	0	16
000772	000673	선비족3-4(3)	104	0	16
000773	000673	선비족3-4(4)	104	0	16
000774	000673	선비족3-4(5)	104	0	16
000775	000673	선비족3-4(6)	104	0	16
000776	000673	선비족3-4(7)	104	0	16
000777	000673	선비족3-5(1)	104	0	16
000778	000673	선비족3-5(2)	104	0	16
000779	000673	선비족3-5(3)	104	0	16
000780	000673	선비족3-5(4)	104	0	16
000781	000673	선비족3-5(5)	104	0	16
000782	000673	선비족3-5(6)	104	0	16
000783	000673	선비족3-5(7)	104	0	16
000784	000673	선비족4	104	0	16
000785	000673	선비족4-1(1)	104	0	16
000786	000673	선비족4-1(2)	104	0	16
000787	000673	선비족4-1(3)	104	0	16
000788	000673	선비족4-1(4)	104	0	16
000789	000673	선비족4-1(5)	104	0	16
000790	000673	선비족4-1(6)	104	0	16
000791	000673	선비족4-1(7)	104	0	16
000792	000673	선비족4-2(1)	104	0	16
000793	000673	선비족4-2(2)	104	0	16
000794	000673	선비족4-2(3)	104	0	16
000795	000673	선비족4-2(4)	104	0	16
000796	000673	선비족4-2(5)	104	0	16
000797	000673	선비족4-2(6)	104	0	16
000798	000673	선비족4-2(7)	104	0	16
000799	000673	선비족4-3(1)	104	0	16
000800	000673	선비족4-3(2)	104	0	16
000801	000673	선비족4-3(3)	104	0	16
000802	000673	선비족4-3(4)	104	0	16
000803	000673	선비족4-3(5)	104	0	16
000804	000673	선비족4-3(6)	104	0	16
000805	000673	선비족4-3(7)	104	0	16
000806	000673	선비족4-4(1)	104	0	16
000807	000673	선비족4-4(2)	104	0	16
000808	000673	선비족4-4(3)	104	0	16
000809	000673	선비족4-4(4)	104	0	16
000810	000673	선비족4-4(5)	104	0	16
000811	000673	선비족4-4(6)	104	0	16
000812	000673	선비족4-4(7)	104	0	16
000813	000673	선비족4-5(1)	104	0	16
000814	000673	선비족4-5(2)	104	0	16
000815	000673	선비족4-5(3)	104	0	16
000816	000673	선비족4-5(4)	104	0	16
000817	000673	선비족4-5(5)	104	0	16
000818	000673	선비족4-5(6)	104	0	16
000819	000673	선비족4-5(7)	104	0	16
000820	000673	선비족5	104	0	16
000821	000673	선비족5-1(1)	104	0	16
000822	000673	선비족5-1(2)	104	0	16
000823	000673	선비족5-1(3)	104	0	16
000824	000673	선비족5-1(4)	104	0	16
000825	000673	선비족5-1(5)	104	0	16
000826	000673	선비족5-1(6)	104	0	16
000827	000673	선비족5-1(7)	104	0	16
000828	000673	선비족5-2(1)	104	0	16
000829	000673	선비족5-2(2)	104	0	16
000830	000673	선비족5-2(3)	104	0	16
000831	000673	선비족5-2(4)	104	0	16
000832	000673	선비족5-2(5)	104	0	16
000833	000673	선비족5-2(6)	104	0	16
000834	000673	선비족5-2(7)	104	0	16
000835	000673	선비족5-3(1)	104	0	16
000836	000673	선비족5-3(2)	104	0	16
000837	000673	선비족5-3(3)	104	0	16
000838	000673	선비족5-3(4)	104	0	16
000839	000673	선비족5-3(5)	104	0	16
000840	000673	선비족5-3(6)	104	0	16
000841	000673	선비족5-3(7)	104	0	16
000842	000673	선비족5-4(1)	104	0	16
000843	000673	선비족5-4(2)	104	0	16
000844	000673	선비족5-4(3)	104	0	16
000845	000673	선비족5-4(4)	104	0	16
000846	000673	선비족5-4(5)	104	0	16
000847	000673	선비족5-4(6)	104	0	16
000848	000673	선비족5-4(7)	104	0	16
000849	000673	선비족5-5(1)	104	0	16
000850	000673	선비족5-5(2)	104	0	16
000851	000673	선비족5-5(3)	104	0	16
000852	000673	선비족5-5(4)	104	0	16
000853	000673	선비족5-5(5)	104	0	16
000854	000673	선비족5-5(6)	104	0	16
000855	000673	선비족5-5(7)	104	0	16
000674	000673	선비족입구	104	0	16
001489	000862	흉노족1	105	0	16
001490	000862	흉노족2	105	0	16
001491	000862	흉노족3	105	0	16
001493	000862	흉노족4	105	0	16
001494	000862	흉노족5	105	0	16
001495	000862	흉노족6	105	0	16
001496	000862	흉노족7	105	0	16
001497	000862	흉노족8	105	0	16
001498	000862	흉노족9	105	0	16
001499	000862	흉노족10	105	0	16
001500	000862	흉노족11	105	0	16
001501	000862	흉노족12	105	0	16
001502	000862	흉노족13	105	0	16
001503	000862	흉노족14	105	0	16
001504	000862	흉노족15	105	0	16
001505	000862	흉노족16	105	0	16
001506	000862	흉노족17	105	0	16
001507	000862	흉노족18	105	0	16
001508	000862	흉노족19	105	0	16
001512	000862	흉노족2-2	105	0	16
001513	000862	흉노족2-3	105	0	16
001514	000862	흉노족2-4	105	0	16
001515	000862	흉노족2-5	105	0	16
001516	000862	흉노족2-6	105	0	16
001517	000862	흉노족2-7	105	0	16
001518	000862	흉노족2-8	105	0	16
001519	000862	흉노족2-9	105	0	16
001520	000862	흉노족2-10	105	0	16
001521	000862	흉노족2-11	105	0	16
001522	000862	흉노족2-12	105	0	16
001523	000862	흉노족2-13	105	0	16
001524	000862	흉노족2-14	105	0	16
001525	000862	흉노족2-15	105	0	16
001526	000862	흉노족2-16	105	0	16
001527	000862	흉노족2-17	105	0	16
001528	000862	흉노족2-18	105	0	16
001529	000862	흉노족2-19	105	0	16
001530	000862	흉노족2-20	105	0	16
001509	000862	흉노족20	105	0	16
001533	000862	흉노족3-2	105	0	16
001534	000862	흉노족3-3	105	0	16
001535	000862	흉노족3-4	105	0	16
001536	000862	흉노족3-5	105	0	16
001537	000862	흉노족3-6	105	0	16
001538	000862	흉노족3-7	105	0	16
001539	000862	흉노족3-8	105	0	16
001540	000862	흉노족3-9	105	0	16
001541	000862	흉노족3-10	105	0	16
001542	000862	흉노족3-11	105	0	16
001543	000862	흉노족3-12	105	0	16
001544	000862	흉노족3-13	105	0	16
001545	000862	흉노족3-14	105	0	16
001546	000862	흉노족3-15	105	0	16
001547	000862	흉노족3-16	105	0	16
001548	000862	흉노족3-17	105	0	16
001549	000862	흉노족3-18	105	0	16
001550	000862	흉노족3-19	105	0	16
001551	000862	흉노족3-20	105	0	16
001554	000862	흉노족4-2	105	0	16
001555	000862	흉노족4-3	105	0	16
001556	000862	흉노족4-4	105	0	16
001557	000862	흉노족4-5	105	0	16
001558	000862	흉노족4-6	105	0	16
001559	000862	흉노족4-7	105	0	16
001560	000862	흉노족4-8	105	0	16
001561	000862	흉노족4-9	105	0	16
001562	000862	흉노족4-10	105	0	16
001563	000862	흉노족4-11	105	0	16
001564	000862	흉노족4-12	105	0	16
001565	000862	흉노족4-13	105	0	16
001566	000862	흉노족4-14	105	0	16
001567	000862	흉노족4-15	105	0	16
001568	000862	흉노족4-16	105	0	16
001569	000862	흉노족4-17	105	0	16
001570	000862	흉노족4-18	105	0	16
001571	000862	흉노족4-19	105	0	16
001572	000862	흉노족4-20	105	0	16
001575	000862	흉노족5-2	105	0	16
001576	000862	흉노족5-3	105	0	16
001577	000862	흉노족5-4	105	0	16
001578	000862	흉노족5-5	105	0	16
001579	000862	흉노족5-6	105	0	16
001580	000862	흉노족5-7	105	0	16
001581	000862	흉노족5-8	105	0	16
001582	000862	흉노족5-9	105	0	16
001583	000862	흉노족5-10	105	0	16
001584	000862	흉노족5-11	105	0	16
001585	000862	흉노족5-12	105	0	16
001586	000862	흉노족5-13	105	0	16
001587	000862	흉노족5-14	105	0	16
001588	000862	흉노족5-15	105	0	16
001589	000862	흉노족5-16	105	0	16
001590	000862	흉노족5-17	105	0	16
001591	000862	흉노족5-18	105	0	16
001592	000862	흉노족5-19	105	0	16
001593	000862	흉노족5-20	105	0	16
001510	000862	흉노족상점1	105	0	16
001511	000862	흉노족상점2	105	0	16
001531	000862	흉노족상점3	105	0	16
001532	000862	흉노족상점4	105	0	16
001552	000862	흉노족상점3-1	105	0	16
001553	000862	흉노족상점3-2	105	0	16
001573	000862	흉노족상점4-1	105	0	16
001574	000862	흉노족상점4-2	105	0	16
001594	000862	흉노족상점5-1	105	0	16
001595	000862	흉노족상점5-2	105	0	16

======================================================
 용궁
------------------------------------------------------
000908	000908	용궁	121	0	1
000925	000908	용왕의방	121	0	16
000909	000908	복어장군굴	126	0	16
001777	000908	복어장군의굴1	154	0	16
001781	000908	복어장군의굴10	154	0	16
001778	000908	복어장군의굴2	154	0	16
001779	000908	복어장군의굴4	154	0	16
001780	000908	복어장군의굴9	154	0	16
000910	000908	게장군굴	126	0	16
001782	000908	게장군굴01	154	0	16
001783	000908	게장군굴02	154	0	16
001784	000908	게장군굴03	154	0	16
001785	000908	게장군굴04	154	0	16
001786	000908	게장군굴05	154	0	16
001787	000908	게장군굴10	154	0	16
000911	000908	문어장군굴01	122	0	16
000912	000908	문어장군굴02	122	0	16
000913	000908	문어장군굴03	122	0	16
000914	000908	문어장군굴04	122	0	16
000915	000908	문어장군굴10	122	0	16
000919	000908	해마장군굴	125	0	16
001788	000908	해마장군의굴01	154	0	16
001789	000908	해마장군의굴04	154	0	16
001790	000908	해마장군의굴07	154	0	16
001791	000908	해마장군의굴08	154	0	16
001792	000908	해마장군의굴10	154	0	16
000916	000908	인어장군굴	122	0	16
001793	000908	인어장군굴01	154	0	16
001794	000908	인어장군굴02	154	0	16
001795	000908	인어장군굴05	154	0	16
001796	000908	인어장군굴08	154	0	16
001797	000908	인어장군굴09	154	0	16
001798	000908	인어장군굴10	154	0	16
000918	000908	상어장군굴	127	0	16
001799	000908	상어장군굴01	154	0	16
001800	000908	상어장군굴02	154	0	16
001801	000908	상어장군굴09	154	0	16
001802	000908	상어장군굴10	127	0	16
000917	000908	해파리장군굴	127	0	16
001803	000908	해파리장군굴01	154	0	16
001804	000908	해파리장군굴04	154	0	16
001805	000908	해파리장군굴07	154	0	16
001806	000908	해파리장군굴08	154	0	16
001807	000908	해파리장군굴09	154	0	16
001808	000908	해파리장군굴10	154	0	16
000920	000908	청의태자의동굴01	128	0	16
000921	000908	청의태자의동굴03	128	0	16
000922	000908	청의태자의동굴07	128	0	16
000923	000908	청의태자의동굴09	128	0	16
000924	000908	청의태자의동굴10	131	0	16
======================================================
 길림성
------------------------------------------------------
001750	001763	길림동굴1	124	0	20
001751	001763	길림동굴2	124	0	20
001752	001763	길림동굴3	124	0	20
001753	001763	길림동굴4	124	0	20
001754	001763	길림동굴5	124	0	20
001755	001763	길림동굴6	124	0	20
001756	001763	길림동굴7	124	0	20
001757	001763	길림동굴8	124	0	20
001758	001763	길림동굴9	124	0	20
001759	001763	길림미로1	124	0	20
001760	001763	길림미로2	124	0	20
001761	001763	길림미로3	124	0	20
001762	001763	길림미로4	124	0	20
001763	001763	길림성	123	0	20
001764	001763	길림성꽃밭1	123	0	20
001765	001763	길림성대장간	123	0	9
001766	001763	길림성빈방1	123	0	20
001767	001763	길림성빈방2	123	0	20
001768	001763	길림성주막1	123	0	1
001769	001763	길림성주막2	123	0	1
001770	001763	길림성푸줏간	123	0	9
001771	001763	길림성해변1	123	0	20
001772	001763	동태극던전	130	0	20
001773	001763	서태극던전	130	0	20
001774	001774	운랑의방	130	0	20
001775	001775	암흑왕대기실	130	0	20
001776	001776	암흑왕의방	133	0	20
======================================================
 북방초원
------------------------------------------------------
001917	001917	북방대초원1	135	0	16
001918	001918	북방대초원2	135	0	16
001919	001919	북방대초원3	135	0	16
001920	001920	북방대초원4	135	0	16
001921	001921	북방대초원5	135	0	16
001922	001922	북방대초원6	135	0	16
001923	001923	북방대초원7	135	0	16
001924	001924	북방대초원8	135	0	16
001925	001925	북방대초원9	135	0	16
001926	001926	북방대초원10	135	0	16
001927	001927	북방대초원11	135	0	16
001928	001928	북방대초원12	135	0	16
001929	001929	북방대초원13	135	0	16
001930	001930	북방대초원14	135	0	16
001931	001931	북방대초원15	135	0	16
001932	001932	북방대초원16	135	0	16
001933	001933	북방대초원17	135	0	16
001934	001934	북방대초원18	135	0	16
001935	001935	북방대초원19	135	0	16
001936	001936	북방대초원20	135	0	16
001937	001937	북방대초원21	135	0	16
001938	001938	북방대초원22	137	0	16
001939	001939	북방대초원23	137	0	16
001940	001940	북방대초원24	137	0	16
001941	001941	북방대초원25	137	0	16
001942	001942	북방대초원26	137	0	16
001943	001943	북방대초원27	137	0	16
001944	001944	북방대초원28	137	0	16
001945	001945	북방대초원29	137	0	16
001946	001946	북방대초원30	137	0	16
001902	001902	북방대초원31	137	0	16
001903	001903	북방대초원32	137	0	16
001904	001904	북방대초원33	137	0	16
001905	001905	북방대초원34	137	0	16
001906	001906	북방대초원35	137	0	16
001907	001907	북방대초원36	137	0	16
001908	001908	북방대초원37	137	0	16
001909	001909	북방대초원38	137	0	16
001910	001910	북방대초원39	137	0	16
001911	001911	북방대초원40	137	0	16
001897	001897	북방상점1	104	0	1
001898	001898	북방상점2	105	0	1
001899	001899	북방상점3	104	0	1
001900	001900	북방상점4	105	0	1
001912	001912	북천황의방	111	0	16
053123	001946	사천족움막	137	0	16
053124	001902	백의장인의집	105	0	16
======================================================
 천상계제이계
------------------------------------------------------
000643	000632	천상계제이계1	120	0	16
000644	000632	천상계제이계2	120	0	16
000645	000632	천상계제이계3	120	0	16
000646	000632	천상계제이계4	120	0	16
//000647	000632	천상계제이계5	120	0	16
000648	000632	천상계제이계6	120	0	16
000649	000632	애팬시아	120	0	16
000650	000632	천상계제이계8	120	0	16
000651	000632	천상계제이계9	120	0	16
000652	000632	천상계제이계10	120	0	16
000653	000632	천상계제이계11	120	0	16
000621	000632	천상계제일계	117	0	16
002996	000632	천상미궁시작	1	0	16
======================================================
 PK 천상계제이계
------------------------------------------------------
002479	001948	PK천상미궁시작	1	0	32
002468	001948	PK천상계제이계1	120	0	32
002469	001948	PK천상계제이계2	120	0	32
002470	001948	PK천상계제이계3	120	0	32
002471	001948	PK천상계제이계4	120	0	32
//002472	001948	PK천상계제이계5	120	0	32
002473	001948	PK천상계제이계6	120	0	32
002474	001948	PK애팬시아	120	0	32
002475	001948	PK천상계제이계8	120	0	32
002476	001948	PK천상계제이계9	120	0	32
002477	001948	PK천상계제이계10	120	0	32
002478	001948	PK천상계제이계11	120	0	32
======================================================
 환상의섬
------------------------------------------------------
001648	001648	가릉도	142	0	0
001652	001648	가릉도갑옷점	142	0	9
001653	001648	가릉도대장간	142	0	9
001877	001648	가릉도열대림1	144	0	16
001886	001648	가릉도열대림10	144	0	16
001878	001648	가릉도열대림2	144	0	16
001879	001648	가릉도열대림3	144	0	16
001880	001648	가릉도열대림4	144	0	16
001881	001648	가릉도열대림5	144	0	16
001882	001648	가릉도열대림6	144	0	16
001883	001648	가릉도열대림7	144	0	16
001884	001648	가릉도열대림8	144	0	16
001885	001648	가릉도열대림9	144	0	16
001650	001648	가릉도우성황	142	0	9
001887	001648	가릉도유적1	145	0	16
001896	001648	가릉도유적10	145	0	16
001888	001648	가릉도유적2	145	0	16
001889	001648	가릉도유적3	145	0	16
001890	001648	가릉도유적4	145	0	16
001891	001648	가릉도유적5	145	0	16
001892	001648	가릉도유적6	145	0	16
001893	001648	가릉도유적7	145	0	16
001894	001648	가릉도유적8	145	0	16
001895	001648	가릉도유적9	145	0	16
001649	001648	가릉도좌성황	142	0	9
001674	001648	가릉도주막	142	0	1
001867	001648	가릉도폐허동굴1	154	0	16
001876	001648	가릉도폐허동굴10	154	0	16
001868	001648	가릉도폐허동굴2	154	0	16
001869	001648	가릉도폐허동굴3	154	0	16
001870	001648	가릉도폐허동굴4	154	0	16
001871	001648	가릉도폐허동굴5	154	0	16
001872	001648	가릉도폐허동굴6	154	0	16
001873	001648	가릉도폐허동굴7	154	0	16
001874	001648	가릉도폐허동굴8	154	0	16
001875	001648	가릉도폐허동굴9	154	0	16
001685	001648	가릉도푸줏간	142	0	9
001596	001596	고균도	148	0	0
001599	001596	고균도-가릉도해변1	148	0	16
001600	001596	고균도-가릉도해변2	148	0	16
001601	001596	고균도-가릉도해변3	148	0	16
001602	001596	고균도-가릉도해변4	148	0	16
001603	001596	고균도-가릉도해변5	148	0	16
001604	001596	고균도-가릉도해변6	148	0	16
001605	001596	고균도-가릉도해변7	148	0	16
001606	001596	고균도-가릉도해변8	148	0	16
001607	001596	고균도-가릉도해변9	148	0	16
001609	001596	고균도갑옷점	148	0	9
001610	001596	고균도대장간	148	0	9
001736	001596	고균도복합상점1	148	0	16
001737	001596	고균도복합상점2	148	0	16
001738	001596	고균도복합상점3	148	0	16
001739	001596	고균도복합상점4	148	0	16
001740	001596	고균도복합상점5	148	0	16
001741	001596	고균도복합상점6	148	0	16
001742	001596	고균도복합상점7	148	0	16
001743	001596	고균도복합상점8	148	0	16
001611	001596	고균도선착장	148	0	0
001612	001596	고균도열대림1	144	0	16
001621	001596	고균도열대림10	144	0	16
001613	001596	고균도열대림2	144	0	16
001614	001596	고균도열대림3	144	0	16
001615	001596	고균도열대림4	144	0	16
001616	001596	고균도열대림5	144	0	16
001617	001596	고균도열대림6	144	0	16
001618	001596	고균도열대림7	144	0	16
001619	001596	고균도열대림8	144	0	16
001620	001596	고균도열대림9	144	0	16
001598	001596	고균도우성황	148	0	9
001622	001596	고균도잡화점	148	0	9
001623	001596	고균도전망대1	148	0	0
001624	001596	고균도전망대2	148	0	0
001625	001596	고균도전망대3	148	0	0
001856	001596	고균도절벽1	146	0	16
001865	001596	고균도절벽10	146	0	16
001857	001596	고균도절벽2	146	0	16
001858	001596	고균도절벽3	146	0	16
001859	001596	고균도절벽4	146	0	16
001860	001596	고균도절벽5	146	0	16
001861	001596	고균도절벽6	146	0	16
001862	001596	고균도절벽7	146	0	16
001863	001596	고균도절벽8	146	0	16
001864	001596	고균도절벽9	146	0	16
001597	001596	고균도좌성황	148	0	9
001636	001596	고균도주막	148	0	1
001637	001596	고균도폐허동굴1	154	0	16
001646	001596	고균도폐허동굴10	154	0	16
001638	001596	고균도폐허동굴2	154	0	16
001639	001596	고균도폐허동굴3	154	0	16
001640	001596	고균도폐허동굴4	154	0	16
001641	001596	고균도폐허동굴5	154	0	16
001642	001596	고균도폐허동굴6	154	0	16
001643	001596	고균도폐허동굴7	154	0	16
001644	001596	고균도폐허동굴8	154	0	16
001645	001596	고균도폐허동굴9	154	0	16
001647	001596	고균도푸줏간	148	0	9
001686	001648	난파선1	136	2	16
001695	001648	난파선10	136	2	16
001687	001648	난파선2	136	2	16
001688	001648	난파선3	136	2	16
001689	001648	난파선4	136	2	16
001690	001648	난파선5	136	2	16
001692	001648	난파선7	136	2	16
001693	001648	난파선8	136	2	16
001694	001648	난파선9	136	2	16
001691	001648	난파선선장의방	136	2	16
001698	001698	폭염도	143	0	0
001702	001698	폭염도갑옷점	143	0	9
001703	001698	폭염도대장간	143	0	9
001700	001698	폭염도우성황	143	0	9
001704	001698	폭염도유적1	145	0	16
001713	001698	폭염도유적10	145	0	16
001705	001698	폭염도유적2	145	0	16
001706	001698	폭염도유적3	145	0	16
001707	001698	폭염도유적4	145	0	16
001708	001698	폭염도유적5	145	0	16
001709	001698	폭염도유적6	145	0	16
001710	001698	폭염도유적7	145	0	16
001711	001698	폭염도유적8	145	0	16
001712	001698	폭염도유적9	145	0	16
001714	001698	폭염도절벽1	146	0	16
001723	001698	폭염도절벽10	146	0	16
001715	001698	폭염도절벽2	146	0	16
001716	001698	폭염도절벽3	146	0	16
001717	001698	폭염도절벽4	146	0	16
001718	001698	폭염도절벽5	146	0	16
001719	001698	폭염도절벽6	146	0	16
001720	001698	폭염도절벽7	146	0	16
001721	001698	폭염도절벽8	146	0	16
001722	001698	폭염도절벽9	146	0	16
001699	001698	폭염도좌성황	143	0	16
001724	001698	폭염도주막	143	0	16
001725	001698	폭염도푸줏간	143	0	16
001726	001698	폭염도화산굴1	149	1	16
001735	001698	폭염도화산굴10	153	1	16
001727	001698	폭염도화산굴2	149	1	16
001728	001698	폭염도화산굴3	149	1	16
001729	001698	폭염도화산굴4	149	1	16
001730	001698	폭염도화산굴5	149	1	16
001731	001698	폭염도화산굴6	149	1	16
001732	001698	폭염도화산굴7	149	1	16
001733	001698	폭염도화산굴8	149	1	16
001734	001698	폭염도화산굴9	149	1	16
======================================================
 문파,신수길
------------------------------------------------------
002045	002263	문파대리인의처소	2	0	0
014601	004601	신수의길	130	0	96
002245	001997	청룡성남쪽	130	0	64
001999	001997	청룡성입구	130	0	96
001998	001997	청룡의성	130	0	96
001997	001997	청룡의심장	130	0	96
002210	002210	청룡지하수로	138	0	16
002211	002210	청룡지하수로1층	138	0	16
002212	002210	청룡지하수로2층	138	0	16
002213	002210	청룡지하수로3층	138	0	16
002214	002210	청룡지하수로4층	138	0	16
002215	002210	청룡지하수로5층	138	0	16
002216	002210	청룡지하수로6층	138	0	16
002217	002210	청룡지하수로7층	138	0	16
002218	002210	청룡지하수로8층	138	0	16
002219	002210	청룡지하수로9층	138	0	16
002246	002000	주작성남쪽	130	0	64
002002	002000	주작성입구	130	0	96
002001	002000	주작의성	130	0	96
002000	002000	주작의심장	130	0	96
002220	002220	주작지하수로	138	0	16
002221	002220	주작지하수로1층	138	0	16
002222	002220	주작지하수로2층	138	0	16
002223	002220	주작지하수로3층	138	0	16
002224	002220	주작지하수로4층	138	0	16
002225	002220	주작지하수로5층	138	0	16
002226	002220	주작지하수로6층	138	0	16
002227	002220	주작지하수로7층	138	0	16
002228	002220	주작지하수로8층	138	0	16
002229	002220	주작지하수로9층	138	0	16
002244	002041	백호성남쪽	130	0	64
002044	002041	백호성입구	130	0	96
002043	002041	백호의비밀의방	130	0	16
002042	002041	백호의성	130	0	96
002041	002041	백호의심장	130	0	96
002200	002200	백호지하수로	138	0	16
002201	002200	백호지하수로1층	138	0	16
002202	002200	백호지하수로2층	138	0	16
002203	002200	백호지하수로3층	138	0	16
002204	002200	백호지하수로4층	138	0	16
002205	002200	백호지하수로5층	138	0	16
002206	002200	백호지하수로6층	138	0	16
002207	002200	백호지하수로7층	138	0	16
002208	002200	백호지하수로8층	138	0	16
002209	002200	백호지하수로9층	138	0	16
002247	002003	현무성남쪽	130	0	64
002005	002003	현무성입구	130	0	96
002004	002003	현무의성	130	0	96
002003	002003	현무의심장	130	0	96
002230	002230	현무지하수로	138	0	16
002231	002230	현무지하수로1층	138	0	16
002232	002230	현무지하수로2층	138	0	16
002233	002230	현무지하수로3층	138	0	16
002234	002230	현무지하수로4층	138	0	16
002235	002230	현무지하수로5층	138	0	16
002236	002230	현무지하수로6층	138	0	16
002237	002230	현무지하수로7층	138	0	16
002238	002230	현무지하수로8층	138	0	16
002239	002230	현무지하수로9층	138	0	16
======================================================
 고구려,부여 성
------------------------------------------------------
002263	002263	동부여성	2	0	0
======================================================
 전직의길,전직방
------------------------------------------------------
000012	000014	검성예백	2	0	9
000033	000022	검성태백	1	0	9
000038	000022	도사의길	1	0	9
000034	000022	도적의길	1	0	9
000035	000022	태성마로	1	0	9
000036	000022	술사의길	1	0	9
000018	000018	신선선후	2	0	9
000039	000039	신선진선	1	0	9
000013	000014	태성마서	2	0	9
000032	000022	전사의길	1	0	9
000019	000014	현자처연	2	0	9
000037	000022	현자해두	1	0	9
======================================================
 주막-포목-대장간-푸줏간
------------------------------------------------------
000016	000014	주막연실언니네	2	0	0
000015	000014	주막연실이네	2	0	0
000017	000014	주막연실이모네	2	0	0
000029	000022	주막왈숙네	1	0	0
000030	000022	왈숙언니네	1	0	0
000031	000022	왈숙이모네	1	0	0
000004	000014	떡쇠네대장간	2	0	9
000005	000014	예쁜이네포목상	2	0	9
000026	000022	이쁜이포목상	1	0	9
000025	000022	털보네대장간	1	0	9
000007	000014	옥이네푸줏간	2	0	9
000028	000022	순이네푸줏간	1	0	9
000027	000022	떼보갑옷점	1	0	9
000006	000014	뭉치네갑옷점	2	0	9
======================================================
 신부여성
------------------------------------------------------
015183	015181	신부여성남서쪽	1	0	0
015182	015181	신부여성남쪽	1	0	0
015184	015181	신부여성동쪽	1	0	0
015185	015181	신부여성북쪽	1	0	0
015186	015181	신부여성서쪽	1	0	0
015205	015181	신부여서쪽주막	1	0	0
015206	015181	신부여서쪽주막2	1	0	0
015181	015181	신부여성중앙궁	1	0	0
======================================================
 해안가
------------------------------------------------------
001811	001811	동쪽해안가	142	0	16
000906	000022	서쪽해안가	118	0	16
======================================================
 팔괘방맵들
------------------------------------------------------
002240	002240	백호팔괘방	1	0	16
002242	002242	주작팔괘방	1	0	16
002241	002241	청룡팔괘방	1	0	16
002243	002243	현무팔괘방	1	0	16
======================================================
 기타
------------------------------------------------------
006518	000022	방물장수의집	1	0	9
006517	000022	재봉사의집	1	0	9
001480	001480	OX퀴즈장	999	0	14
002190	002190	고래갑판	1	0	16
000671	000673	국경지대	103	0	0
002535	000535	귀기서린집	1	0	8
002948	003731	남장군의방	111	0	16
002946	002946	동장군의방	111	0	16
000618	000014	무한준비실	2	0	9
002398	000014	방물장수의집	1	0	9
002310	000014	백삼의상점	1	0	9
002311	000014	백이의상점	1	0	9
002312	000014	백일의상점	1	0	9
//000904	002260	삼지연	153	0	16
002947	001836	서장군의방	111	0	16
000040	000014	세계이동	95	0	16
001962	001962	소림사가는길	132	0	8
000619	000022	소무한장	2	0	96
002009	002009	소호의방	152	0	16
000654	000654	수룡,화룡의방	129	0	16
000670	000673	압록강	103	0	0
011101	011101	엄호수의유역1	138	0	80
011102	011102	엄호수의유역2	138	0	80
011103	011103	엄호수의유역3	138	0	80
011104	011104	엄호수의유역4	138	0	80
000905	000905	오솔길	154	0	16
002007	001836	요제의방	151	0	16
001696	001596	원주민장로의집	148	0	9
001697	001596	원주민주술사의집	148	0	9
//001951	000014	일존장혈투	159	0	16
002397	000014	재봉사의집	1	0	9
002008	000022	전욱의방	151	0	16
002385	000022	전통혼례식장	109	0	9
001964	000014	제곡의방	152	0	16
002950	001836	중앙장군의방	111	0	16
001748	001748	천성현의방	1	0	16
001843	001836	하선녀의방	111	0	16
//002386	002386	회의실0	1	0	9
002387	002387	회의실1	1	0	9
002388	002388	회의실2	1	0	9
//진시황릉
003801	000862	진시황릉1	132	0	80
003816	000862	진시황릉2	132	0	80
003803	000862	진시황릉3	132	0	80
003804	000862	진시황릉4	132	0	80
003805	000862	진시황릉5	132	0	80
003806	000862	진시황릉6	132	0	80
003807	000862	진시황릉7	132	0	80
003808	000862	진시황릉8	132	0	80
003809	000862	진시황릉9	132	0	80
003810	000862	진시황릉10	132	0	80
003811	000862	진시황릉11	132	0	80
003812	000862	진시황릉12	132	0	80
003813	000862	진시황릉13	132	0	80
003814	000862	진시황릉14	132	0	80
003815	000862	진시황릉15	132	0	80
//동부여건물
007700	002263	동부여전사의길	2	0	9
007701	002263	동부여예백	2	0	9
007702	002263	동부여술사의길	2	0	9
007703	002263	동부여처연	2	0	9
007704	002263	동부여감옥	2	0	8
007705	002263	동부여좌성황	2	0	9
007706	002263	동부여우성황	2	0	9
007707	002263	동부여무한장	2	0	9
007708	002263	동부여부무한장	159	0	96
007709	002263	동부여중앙무한장	2	0	96
007710	002263	동부여문파대결장	2	0	96
007711	002263	동부여무한준비실	2	0	9
007712	002263	동부여소무한장	159	0	96
007713	002263	동부여도적의길	2	0	9
007714	002263	동부여마서	2	0	9
007715	002263	동부여대장간	2	0	9
007716	002263	동부여연실이네	2	0	0
007717	002263	동부여연실언니네	2	0	0
007718	002263	동부여연실이모네	2	0	0
007719	002263	동부여예식장	2	0	9
007720	002263	동부여도사의길	2	0	9
007721	002263	동부여선후	2	0	9
007722	002263	동부여포목상	2	0	9
007723	002263	동부여갑옷점	2	0	9
007724	002263	동부여푸줏간	2	0	9
007725	002263	동부여영혼사	2	0	9
007726	002263	동부여소극장	2	0	9
//송원건물
007727	003199	송원전사의길	2	0	9
007728	003199	송원예백	2	0	9
007729	003199	송원술사의길	2	0	9
007730	003199	송원처연	2	0	9
007731	003199	송원감옥	2	0	8
007732	003199	송원좌성황	2	0	9
007733	003199	송원우성황	2	0	9
007734	003199	송원무한장	2	0	9
007735	003199	송원부무한장	159	0	96
007736	003199	송원중앙무한장	2	0	96
007737	003199	송원문파대결장	2	0	96
007738	003199	송원무한준비실	2	0	9
007739	003199	송원소무한장	159	0	96
007740	003199	송원도적의길	2	0	9
007741	003199	송원마서	2	0	9
007742	003199	송원대장간	2	0	9
007743	003199	송원연실이네	2	0	0
007744	003199	송원연실언니네	2	0	0
007745	003199	송원연실이모네	2	0	0
007746	003199	송원예식장	2	0	9
007747	003199	송원도사의길	2	0	9
007748	003199	송원선후	2	0	9
007749	003199	송원포목상	2	0	9
007750	003199	송원갑옷점	2	0	9
007751	003199	송원푸줏간	2	0	9
007752	003199	송원영혼사	2	0	9
007753	003199	송원소극장	2	0	9
//장훈건물
007754	003200	장훈전사의길	2	0	9
007755	003200	장훈예백	2	0	9
007756	003200	장훈술사의길	2	0	9
007757	003200	장훈처연	2	0	9
007758	003200	장훈감옥	2	0	8
007759	003200	장훈좌성황	2	0	9
007760	003200	장훈우성황	2	0	9
007761	003200	장훈무한장	2	0	9
007762	003200	장훈부무한장	159	0	96
007763	003200	장훈중앙무한장	2	0	96
007764	003200	장훈문파대결장	2	0	96
007765	003200	장훈무한준비실	2	0	9
007766	003200	장훈소무한장	159	0	96
007767	003200	장훈도적의길	2	0	9
007768	003200	장훈마서	2	0	9
007769	003200	장훈대장간	2	0	9
007770	003200	장훈연실이네	2	0	0
007771	003200	장훈연실언니네	2	0	0
007772	003200	장훈연실이모네	2	0	0
007773	003200	장훈예식장	2	0	9
007774	003200	장훈도사의길	2	0	9
007775	003200	장훈선후	2	0	9
007776	003200	장훈포목상	2	0	9
007777	003200	장훈갑옷점	2	0	9
007778	003200	장훈푸줏간	2	0	9
007779	003200	장훈영혼사	2	0	9
007780	003200	장훈소극장	2	0	9
//읍루건물
007781	003201	읍루전사의길	2	0	9
007782	003201	읍루예백	2	0	9
007783	003201	읍루술사의길	2	0	9
007784	003201	읍루처연	2	0	9
007785	003201	읍루감옥	2	0	8
007786	003201	읍루좌성황	2	0	9
007787	003201	읍루우성황	2	0	9
007788	003201	읍루무한장	2	0	9
007789	003201	읍루부무한장	159	0	96
007790	003201	읍루중앙무한장	2	0	96
007791	003201	읍루문파대결장	2	0	96
007792	003201	읍루무한준비실	2	0	9
007793	003201	읍루소무한장	159	0	96
007794	003201	읍루도적의길	2	0	9
007795	003201	읍루마서	2	0	9
007796	003201	읍루대장간	2	0	9
007797	003201	읍루연실이네	2	0	0
007798	003201	읍루연실언니네	2	0	0
007799	003201	읍루연실이모네	2	0	0
007800	003201	읍루예식장	2	0	9
007801	003201	읍루도사의길	2	0	9
007802	003201	읍루선후	2	0	9
007803	003201	읍루포목상	2	0	9
007804	003201	읍루갑옷점	2	0	9
007805	003201	읍루푸줏간	2	0	9
007806	003201	읍루영혼사	2	0	9
007807	003201	읍루소극장	2	0	9
//만번한건물
007808	003202	만번한전사의길	2	0	9
007809	003202	만번한예백	2	0	9
007810	003202	만번한술사의길	2	0	9
007811	003202	만번한처연	2	0	9
007812	003202	만번한감옥	2	0	8
007813	003202	만번한좌성황	2	0	9
007814	003202	만번한우성황	2	0	9
007815	003202	만번한무한장	2	0	9
007816	003202	만번한부무한장	159	0	96
007817	003202	만번한중앙무한장	2	0	96
007818	003202	만번한문파대결장	2	0	96
007819	003202	만번한무한준비실	2	0	9
007820	003202	만번한소무한장	159	0	96
007821	003202	만번한도적의길	2	0	9
007822	003202	만번한마서	2	0	9
007823	003202	만번한대장간	2	0	9
007824	003202	만번한연실이네	2	0	0
007825	003202	만번한연실언니네	2	0	0
007826	003202	만번한연실이모네	2	0	0
007827	003202	만번한예식장	2	0	9
007828	003202	만번한도사의길	2	0	9
007829	003202	만번한선후	2	0	9
007830	003202	만번한포목상	2	0	9
007831	003202	만번한갑옷점	2	0	9
007832	003202	만번한푸줏간	2	0	9
007833	003202	만번한영혼사	2	0	9
007834	003202	만번한소극장	2	0	9
//천안궁건물
007835	003203	천안궁전사의길	2	0	9
007836	003203	천안궁예백	2	0	9
007837	003203	천안궁술사의길	2	0	9
007838	003203	천안궁처연	2	0	9
007839	003203	천안궁감옥	2	0	8
007840	003203	천안궁좌성황	2	0	9
007841	003203	천안궁우성황	2	0	9
007842	003203	천안궁무한장	2	0	9
007843	003203	천안궁부무한장	159	0	96
007844	003203	천안궁중앙무한장	2	0	96
007845	003203	천안궁문파대결장	2	0	96
007846	003203	천안궁무한준비실	2	0	9
007847	003203	천안궁소무한장	159	0	96
007848	003203	천안궁도적의길	2	0	9
007849	003203	천안궁마서	2	0	9
007850	003203	천안궁대장간	2	0	9
007851	003203	천안궁연실이네	2	0	0
007852	003203	천안궁연실언니네	2	0	0
007853	003203	천안궁연실이모네	2	0	0
007854	003203	천안궁예식장	2	0	9
007855	003203	천안궁도사의길	2	0	9
007856	003203	천안궁선후	2	0	9
007857	003203	천안궁포목상	2	0	9
007858	003203	천안궁갑옷점	2	0	9
007859	003203	천안궁푸줏간	2	0	9
007860	003203	천안궁영혼사	2	0	9
007861	003203	천안궁소극장	2	0	9
//상곡건물
007862	003204	상곡전사의길	2	0	9
007863	003204	상곡예백	2	0	9
007864	003204	상곡술사의길	2	0	9
007865	003204	상곡처연	2	0	9
007866	003204	상곡감옥	2	0	8
007867	003204	상곡좌성황	2	0	9
007868	003204	상곡우성황	2	0	9
007869	003204	상곡무한장	2	0	9
007870	003204	상곡부무한장	159	0	96
007871	003204	상곡중앙무한장	2	0	96
007872	003204	상곡문파대결장	2	0	96
007873	003204	상곡무한준비실	2	0	9
007874	003204	상곡소무한장	159	0	96
007875	003204	상곡도적의길	2	0	9
007876	003204	상곡마서	2	0	9
007877	003204	상곡대장간	2	0	9
007878	003204	상곡연실이네	2	0	0
007879	003204	상곡연실언니네	2	0	0
007880	003204	상곡연실이모네	2	0	0
007881	003204	상곡예식장	2	0	9
007882	003204	상곡도사의길	2	0	9
007883	003204	상곡선후	2	0	9
007884	003204	상곡포목상	2	0	9
007885	003204	상곡갑옷점	2	0	9
007886	003204	상곡푸줏간	2	0	9
007887	003204	상곡영혼사	2	0	9
007888	003204	상곡소극장	2	0	9
//어양건물
007889	003205	어양전사의길	2	0	9
007890	003205	어양예백	2	0	9
007891	003205	어양술사의길	2	0	9
007892	003205	어양처연	2	0	9
007893	003205	어양감옥	2	0	8
007894	003205	어양좌성황	2	0	9
007895	003205	어양우성황	2	0	9
007896	003205	어양무한장	2	0	9
007897	003205	어양부무한장	159	0	96
007898	003205	어양중앙무한장	2	0	96
007899	003205	어양문파대결장	2	0	96
007900	003205	어양무한준비실	2	0	9
007901	003205	어양소무한장	159	0	96
007902	003205	어양도적의길	2	0	9
007903	003205	어양마서	2	0	9
007904	003205	어양대장간	2	0	9
007905	003205	어양연실이네	2	0	0
007906	003205	어양연실언니네	2	0	0
007907	003205	어양연실이모네	2	0	0
007908	003205	어양예식장	2	0	9
007909	003205	어양도사의길	2	0	9
007910	003205	어양선후	2	0	9
007911	003205	어양포목상	2	0	9
007912	003205	어양갑옷점	2	0	9
007913	003205	어양푸줏간	2	0	9
007914	003205	어양영혼사	2	0	9
007915	003205	어양소극장	2	0	9
//관령건물
007916	003206	관령전사의길	2	0	9
007917	003206	관령예백	2	0	9
007918	003206	관령술사의길	2	0	9
007919	003206	관령처연	2	0	9
007920	003206	관령감옥	2	0	8
007921	003206	관령좌성황	2	0	9
007922	003206	관령우성황	2	0	9
007923	003206	관령무한장	2	0	9
007924	003206	관령부무한장	159	0	96
007925	003206	관령중앙무한장	2	0	96
007926	003206	관령문파대결장	2	0	96
007927	003206	관령무한준비실	2	0	9
007928	003206	관령소무한장	159	0	96
007929	003206	관령도적의길	2	0	9
007930	003206	관령마서	2	0	9
007931	003206	관령대장간	2	0	9
007932	003206	관령연실이네	2	0	0
007933	003206	관령연실언니네	2	0	0
007934	003206	관령연실이모네	2	0	0
007935	003206	관령예식장	2	0	9
007936	003206	관령도사의길	2	0	9
007937	003206	관령선후	2	0	9
007938	003206	관령포목상	2	0	9
007939	003206	관령갑옷점	2	0	9
007940	003206	관령푸줏간	2	0	9
007941	003206	관령영혼사	2	0	9
007942	003206	관령소극장	2	0	9
//범안건물
007943	003207	범안전사의길	2	0	9
007944	003207	범안예백	2	0	9
007945	003207	범안술사의길	2	0	9
007946	003207	범안처연	2	0	9
007947	003207	범안감옥	2	0	8
007948	003207	범안좌성황	2	0	9
007949	003207	범안우성황	2	0	9
007950	003207	범안무한장	2	0	9
007951	003207	범안부무한장	159	0	96
007952	003207	범안중앙무한장	2	0	96
007953	003207	범안문파대결장	2	0	96
007954	003207	범안무한준비실	2	0	9
007955	003207	범안소무한장	159	0	96
007956	003207	범안도적의길	2	0	9
007957	003207	범안마서	2	0	9
007958	003207	범안대장간	2	0	9
007959	003207	범안연실이네	2	0	0
007960	003207	범안연실언니네	2	0	0
007961	003207	범안연실이모네	2	0	0
007962	003207	범안예식장	2	0	9
007963	003207	범안도사의길	2	0	9
007964	003207	범안선후	2	0	9
007965	003207	범안포목상	2	0	9
007966	003207	범안갑옷점	2	0	9
007967	003207	범안푸줏간	2	0	9
007968	003207	범안영혼사	2	0	9
007969	003207	범안소극장	2	0	9
//장훈사냥터
004079	003200	장훈유령굴1	3	0	16
004080	003200	장훈유령굴2	3	0	16
004081	003200	장훈유령굴3	3	0	16
004082	003200	장훈유령굴4	3	0	16
004083	003200	장훈유령굴5	3	0	16
004084	003200	장훈유령굴6	3	0	16
004085	003200	장훈유령굴7	3	0	16
004086	003200	장훈유령굴8	3	0	16
004087	003200	장훈유령굴9	3	0	16
004088	003200	장훈흑령굴1	1	0	16
004089	003200	장훈흑령굴2	1	0	16
004090	003200	장훈흑령굴3	1	0	16
004091	003200	장훈흑령굴4	1	0	16
004092	003200	장훈흑령굴5	1	0	16
004093	003200	장훈흑령굴6	1	0	16
004094	003200	장훈흑령굴7	1	0	16
004095	003200	장훈흑령굴8	1	0	16
004096	003200	장훈흑령굴9	1	0	16
004097	003200	장훈초보사냥1	2	0	16
004098	003200	장훈초보사냥2	2	0	16
004099	003200	장훈초보사냥3	2	0	16
004100	003200	장훈초보사냥4	2	0	16
004101	003200	장훈초보사냥5	2	0	16
004102	003200	장훈사슴굴1	5	0	16
004103	003200	장훈사슴굴2	5	0	16
004104	003200	장훈사슴굴3	5	0	16
004105	003200	장훈사슴굴4	5	0	16
004106	003200	장훈사슴굴5	5	0	16
004107	003200	장훈사슴굴6	5	0	16
004108	003200	장훈사슴굴7	5	0	16
004109	003200	장훈사슴굴8	5	0	16
004110	003200	장훈사슴굴9	5	0	16
004111	003200	장훈사슴굴10	5	0	16
004112	003200	장훈돼지굴1	3	0	16
004113	003200	장훈돼지굴2	3	0	16
004114	003200	장훈돼지굴3	3	0	16
004115	003200	장훈돼지굴4	3	0	16
004116	003200	장훈돼지굴5	3	0	16
004117	003200	장훈돼지굴6	3	0	16
004118	003200	장훈돼지굴7	3	0	16
004119	003200	장훈돼지굴8	3	0	16
004120	003200	장훈돼지굴9	3	0	16
004121	003200	장훈전갈굴1	4	0	16
004122	003200	장훈전갈굴2	4	0	16
004123	003200	장훈전갈굴3	4	0	16
004124	003200	장훈전갈굴4	4	0	16
004125	003200	장훈전갈굴5	4	0	16
004126	003200	장훈전갈굴6	4	0	16
004127	003200	장훈전갈굴7	4	0	16
004128	003200	장훈전갈굴8	4	0	16
004129	003200	장훈전갈굴9	4	0	16
004130	003200	장훈전갈굴10	4	0	16
004131	003200	장훈쥐굴1	5	0	16
004132	003200	장훈쥐굴2	5	0	16
004133	003200	장훈쥐굴3	5	0	16
004134	003200	장훈쥐굴4	5	0	16
004135	003200	장훈쥐굴5	5	0	16
004136	003200	장훈쥐굴6	5	0	16
004137	003200	장훈뱀굴1	3	0	16
004138	003200	장훈뱀굴2	3	0	16
004139	003200	장훈뱀굴3	3	0	16
004140	003200	장훈뱀굴4	3	0	16
004141	003200	장훈뱀굴5	3	0	16
004142	003200	장훈뱀굴6	3	0	16
004143	003200	장훈뱀굴7	3	0	16
004144	003200	장훈뱀굴8	3	0	16
004145	003200	장훈왕초보사냥1	2	0	16
004146	003200	장훈왕초보사냥2	2	0	16
004147	003200	장훈왕초보사냥3	2	0	16
004148	003200	장훈왕초보사냥4	2	0	16
004149	003200	장훈왕초보사냥5	2	0	16
004150	003200	장훈물망동1	4	0	16
004151	003200	장훈물망동2	4	0	16
004152	003200	장훈물망동3	4	0	16
004153	003200	장훈물망동4	4	0	16
004154	003200	장훈물망동5	4	0	16
004155	003200	장훈물망동6	4	0	16
004156	003200	장훈물망동7	4	0	16
004157	003200	장훈흉가1	7	0	16
004158	003200	장훈흉가2	7	0	16
004159	003200	장훈흉가3	7	0	16
004160	003200	장훈흉가4	7	0	16
004161	003200	장훈흉가5	7	0	16
004162	003200	장훈흉가6	7	0	16
004163	003200	장훈흉가7	7	0	16
004164	003200	장훈흉가8	7	0	16
004165	003200	장훈흉가9	7	0	16
004166	003200	장훈자호굴1	5	0	16
004167	003200	장훈자호굴2	5	0	16
004168	003200	장훈자호굴3	5	0	16
004169	003200	장훈자호굴4	5	0	16
004170	003200	장훈자호굴5	5	0	16
004171	003200	장훈자호굴6	5	0	16
004172	003200	장훈자호굴7	5	0	16
004173	003200	장훈자호굴8	5	0	16
004174	003200	장훈자호굴9	5	0	16
004175	003200	장훈자호굴10	5	0	16
004176	003200	장훈곰굴1	5	0	16
004177	003200	장훈곰굴2	5	0	16
004178	003200	장훈곰굴3	5	0	16
004179	003200	장훈곰굴4	5	0	16
004180	003200	장훈곰굴5	5	0	16
004181	003200	장훈곰굴6	5	0	16
004182	003200	장훈여우굴1	5	0	16
004183	003200	장훈여우굴2	5	0	16
004184	003200	장훈여우굴3	5	0	16
004185	003200	장훈여우굴4	5	0	16
004186	003200	장훈여우굴5	5	0	16
004187	003200	장훈여우굴6	5	0	16
004188	003200	장훈여우굴7	5	0	16
004189	003200	장훈여우굴8	5	0	16
004190	003200	장훈여우굴9	5	0	16
004191	003200	장훈여우굴10	5	0	16
004192	003200	장훈인형굴1	4	0	16
004193	003200	장훈인형굴2	4	0	16
004194	003200	장훈인형굴3	4	0	16
004195	003200	장훈인형굴4	4	0	16
004196	003200	장훈인형굴5	4	0	16
004197	003200	장훈인형굴6	4	0	16
004198	003200	장훈인형굴7	4	0	16
004199	003200	장훈인형굴8	4	0	16
004200	003200	장훈인형굴9	4	0	16
004201	003200	장훈비밀세작의집1	105	0	16
004202	003200	장훈비밀세작의집2	105	0	16
004203	003200	장훈비밀세작의집3	105	0	16
004204	003200	장훈비밀세작의집4	105	0	16
004205	003200	장훈비밀세작의집5	105	0	16
004206	003200	장훈비밀세작의집6	105	0	16
004207	003200	장훈비밀세작의집7	105	0	16
004208	003200	장훈비밀세작의집8	105	0	16
004209	003200	장훈비밀세작의집9	105	0	16
//읍루사냥터
004210	003201	읍루유령굴1	3	0	16
004211	003201	읍루유령굴2	3	0	16
004212	003201	읍루유령굴3	3	0	16
004213	003201	읍루유령굴4	3	0	16
004214	003201	읍루유령굴5	3	0	16
004215	003201	읍루유령굴6	3	0	16
004216	003201	읍루유령굴7	3	0	16
004217	003201	읍루유령굴8	3	0	16
004218	003201	읍루유령굴9	3	0	16
004219	003201	읍루흑령굴1	1	0	16
004220	003201	읍루흑령굴2	1	0	16
004221	003201	읍루흑령굴3	1	0	16
004222	003201	읍루흑령굴4	1	0	16
004223	003201	읍루흑령굴5	1	0	16
004224	003201	읍루흑령굴6	1	0	16
004225	003201	읍루흑령굴7	1	0	16
004226	003201	읍루흑령굴8	1	0	16
004227	003201	읍루흑령굴9	1	0	16
004228	003201	읍루초보사냥1	2	0	16
004229	003201	읍루초보사냥2	2	0	16
004230	003201	읍루초보사냥3	2	0	16
004231	003201	읍루초보사냥4	2	0	16
004232	003201	읍루초보사냥5	2	0	16
004233	003201	읍루사슴굴1	5	0	16
004234	003201	읍루사슴굴2	5	0	16
004235	003201	읍루사슴굴3	5	0	16
004236	003201	읍루사슴굴4	5	0	16
004237	003201	읍루사슴굴5	5	0	16
004238	003201	읍루사슴굴6	5	0	16
004239	003201	읍루사슴굴7	5	0	16
004240	003201	읍루사슴굴8	5	0	16
004241	003201	읍루사슴굴9	5	0	16
004242	003201	읍루사슴굴10	5	0	16
004243	003201	읍루돼지굴1	3	0	16
004244	003201	읍루돼지굴2	3	0	16
004245	003201	읍루돼지굴3	3	0	16
004246	003201	읍루돼지굴4	3	0	16
004247	003201	읍루돼지굴5	3	0	16
004248	003201	읍루돼지굴6	3	0	16
004249	003201	읍루돼지굴7	3	0	16
004250	003201	읍루돼지굴8	3	0	16
004251	003201	읍루돼지굴9	3	0	16
004252	003201	읍루전갈굴1	4	0	16
004253	003201	읍루전갈굴2	4	0	16
004254	003201	읍루전갈굴3	4	0	16
004255	003201	읍루전갈굴4	4	0	16
004256	003201	읍루전갈굴5	4	0	16
004257	003201	읍루전갈굴6	4	0	16
004258	003201	읍루전갈굴7	4	0	16
004259	003201	읍루전갈굴8	4	0	16
004260	003201	읍루전갈굴9	4	0	16
004261	003201	읍루전갈굴10	4	0	16
004262	003201	읍루쥐굴1	5	0	16
004263	003201	읍루쥐굴2	5	0	16
004264	003201	읍루쥐굴3	5	0	16
004265	003201	읍루쥐굴4	5	0	16
004266	003201	읍루쥐굴5	5	0	16
004267	003201	읍루쥐굴6	5	0	16
004268	003201	읍루뱀굴1	3	0	16
004269	003201	읍루뱀굴2	3	0	16
004270	003201	읍루뱀굴3	3	0	16
004271	003201	읍루뱀굴4	3	0	16
004272	003201	읍루뱀굴5	3	0	16
004273	003201	읍루뱀굴6	3	0	16
004274	003201	읍루뱀굴7	3	0	16
004275	003201	읍루뱀굴8	3	0	16
004276	003201	읍루왕초보사냥1	2	0	16
004277	003201	읍루왕초보사냥2	2	0	16
004278	003201	읍루왕초보사냥3	2	0	16
004279	003201	읍루왕초보사냥4	2	0	16
004280	003201	읍루왕초보사냥5	2	0	16
004281	003201	읍루물망동1	4	0	16
004282	003201	읍루물망동2	4	0	16
004283	003201	읍루물망동3	4	0	16
004284	003201	읍루물망동4	4	0	16
004285	003201	읍루물망동5	4	0	16
004286	003201	읍루물망동6	4	0	16
004287	003201	읍루물망동7	4	0	16
004288	003201	읍루흉가1	7	0	16
004289	003201	읍루흉가2	7	0	16
004290	003201	읍루흉가3	7	0	16
004291	003201	읍루흉가4	7	0	16
004292	003201	읍루흉가5	7	0	16
004293	003201	읍루흉가6	7	0	16
004294	003201	읍루흉가7	7	0	16
004295	003201	읍루흉가8	7	0	16
004296	003201	읍루흉가9	7	0	16
004297	003201	읍루자호굴1	5	0	16
004298	003201	읍루자호굴2	5	0	16
004299	003201	읍루자호굴3	5	0	16
004300	003201	읍루자호굴4	5	0	16
004301	003201	읍루자호굴5	5	0	16
004302	003201	읍루자호굴6	5	0	16
004303	003201	읍루자호굴7	5	0	16
004304	003201	읍루자호굴8	5	0	16
004305	003201	읍루자호굴9	5	0	16
004306	003201	읍루자호굴10	5	0	16
004307	003201	읍루곰굴1	5	0	16
004308	003201	읍루곰굴2	5	0	16
004309	003201	읍루곰굴3	5	0	16
004310	003201	읍루곰굴4	5	0	16
004311	003201	읍루곰굴5	5	0	16
004312	003201	읍루곰굴6	5	0	16
004313	003201	읍루여우굴1	5	0	16
004314	003201	읍루여우굴2	5	0	16
004315	003201	읍루여우굴3	5	0	16
004316	003201	읍루여우굴4	5	0	16
004317	003201	읍루여우굴5	5	0	16
004318	003201	읍루여우굴6	5	0	16
004319	003201	읍루여우굴7	5	0	16
004320	003201	읍루여우굴8	5	0	16
004321	003201	읍루여우굴9	5	0	16
004322	003201	읍루여우굴10	5	0	16
004323	003201	읍루인형굴1	4	0	16
004324	003201	읍루인형굴2	4	0	16
004325	003201	읍루인형굴3	4	0	16
004326	003201	읍루인형굴4	4	0	16
004327	003201	읍루인형굴5	4	0	16
004328	003201	읍루인형굴6	4	0	16
004329	003201	읍루인형굴7	4	0	16
004330	003201	읍루인형굴8	4	0	16
004331	003201	읍루인형굴9	4	0	16
004332	003201	읍루비밀세작의집1	105	0	16
004333	003201	읍루비밀세작의집2	105	0	16
004334	003201	읍루비밀세작의집3	105	0	16
004335	003201	읍루비밀세작의집4	105	0	16
004336	003201	읍루비밀세작의집5	105	0	16
004337	003201	읍루비밀세작의집6	105	0	16
004338	003201	읍루비밀세작의집7	105	0	16
004339	003201	읍루비밀세작의집8	105	0	16
004340	003201	읍루비밀세작의집9	105	0	16
//만번한사냥터
004341	003202	만번한유령굴1	3	0	16
004342	003202	만번한유령굴2	3	0	16
004343	003202	만번한유령굴3	3	0	16
004344	003202	만번한유령굴4	3	0	16
004345	003202	만번한유령굴5	3	0	16
004346	003202	만번한유령굴6	3	0	16
004347	003202	만번한유령굴7	3	0	16
004348	003202	만번한유령굴8	3	0	16
004349	003202	만번한유령굴9	3	0	16
004350	003202	만번한흑령굴1	1	0	16
004351	003202	만번한흑령굴2	1	0	16
004352	003202	만번한흑령굴3	1	0	16
004353	003202	만번한흑령굴4	1	0	16
004354	003202	만번한흑령굴5	1	0	16
004355	003202	만번한흑령굴6	1	0	16
004356	003202	만번한흑령굴7	1	0	16
004357	003202	만번한흑령굴8	1	0	16
004358	003202	만번한흑령굴9	1	0	16
004359	003202	만번한초보사냥1	2	0	16
004360	003202	만번한초보사냥2	2	0	16
004361	003202	만번한초보사냥3	2	0	16
004362	003202	만번한초보사냥4	2	0	16
004363	003202	만번한초보사냥5	2	0	16
004364	003202	만번한사슴굴1	5	0	16
004365	003202	만번한사슴굴2	5	0	16
004366	003202	만번한사슴굴3	5	0	16
004367	003202	만번한사슴굴4	5	0	16
004368	003202	만번한사슴굴5	5	0	16
004369	003202	만번한사슴굴6	5	0	16
004370	003202	만번한사슴굴7	5	0	16
004371	003202	만번한사슴굴8	5	0	16
004372	003202	만번한사슴굴9	5	0	16
004373	003202	만번한사슴굴10	5	0	16
004374	003202	만번한돼지굴1	3	0	16
004375	003202	만번한돼지굴2	3	0	16
004376	003202	만번한돼지굴3	3	0	16
004377	003202	만번한돼지굴4	3	0	16
004378	003202	만번한돼지굴5	3	0	16
004379	003202	만번한돼지굴6	3	0	16
004380	003202	만번한돼지굴7	3	0	16
004381	003202	만번한돼지굴8	3	0	16
004382	003202	만번한돼지굴9	3	0	16
004383	003202	만번한전갈굴1	4	0	16
004384	003202	만번한전갈굴2	4	0	16
004385	003202	만번한전갈굴3	4	0	16
004386	003202	만번한전갈굴4	4	0	16
004387	003202	만번한전갈굴5	4	0	16
004388	003202	만번한전갈굴6	4	0	16
004389	003202	만번한전갈굴7	4	0	16
004390	003202	만번한전갈굴8	4	0	16
004391	003202	만번한전갈굴9	4	0	16
004392	003202	만번한전갈굴10	4	0	16
004393	003202	만번한쥐굴1	5	0	16
004394	003202	만번한쥐굴2	5	0	16
004395	003202	만번한쥐굴3	5	0	16
004396	003202	만번한쥐굴4	5	0	16
004397	003202	만번한쥐굴5	5	0	16
004398	003202	만번한쥐굴6	5	0	16
004399	003202	만번한뱀굴1	3	0	16
004400	003202	만번한뱀굴2	3	0	16
004401	003202	만번한뱀굴3	3	0	16
004402	003202	만번한뱀굴4	3	0	16
004403	003202	만번한뱀굴5	3	0	16
004404	003202	만번한뱀굴6	3	0	16
004405	003202	만번한뱀굴7	3	0	16
004406	003202	만번한뱀굴8	3	0	16
004407	003202	만번한왕초보사냥1	2	0	16
004408	003202	만번한왕초보사냥2	2	0	16
004409	003202	만번한왕초보사냥3	2	0	16
004410	003202	만번한왕초보사냥4	2	0	16
004411	003202	만번한왕초보사냥5	2	0	16
004412	003202	만번한물망동1	4	0	16
004413	003202	만번한물망동2	4	0	16
004414	003202	만번한물망동3	4	0	16
004415	003202	만번한물망동4	4	0	16
004416	003202	만번한물망동5	4	0	16
004417	003202	만번한물망동6	4	0	16
004418	003202	만번한물망동7	4	0	16
004419	003202	만번한흉가1	7	0	16
004420	003202	만번한흉가2	7	0	16
004421	003202	만번한흉가3	7	0	16
004422	003202	만번한흉가4	7	0	16
004423	003202	만번한흉가5	7	0	16
004424	003202	만번한흉가6	7	0	16
004425	003202	만번한흉가7	7	0	16
004426	003202	만번한흉가8	7	0	16
004427	003202	만번한흉가9	7	0	16
004428	003202	만번한자호굴1	5	0	16
004429	003202	만번한자호굴2	5	0	16
004430	003202	만번한자호굴3	5	0	16
004431	003202	만번한자호굴4	5	0	16
004432	003202	만번한자호굴5	5	0	16
004433	003202	만번한자호굴6	5	0	16
004434	003202	만번한자호굴7	5	0	16
004435	003202	만번한자호굴8	5	0	16
004436	003202	만번한자호굴9	5	0	16
004437	003202	만번한자호굴10	5	0	16
004438	003202	만번한곰굴1	5	0	16
004439	003202	만번한곰굴2	5	0	16
004440	003202	만번한곰굴3	5	0	16
004441	003202	만번한곰굴4	5	0	16
004442	003202	만번한곰굴5	5	0	16
004443	003202	만번한곰굴6	5	0	16
004444	003202	만번한여우굴1	5	0	16
004445	003202	만번한여우굴2	5	0	16
004446	003202	만번한여우굴3	5	0	16
004447	003202	만번한여우굴4	5	0	16
004448	003202	만번한여우굴5	5	0	16
004449	003202	만번한여우굴6	5	0	16
004450	003202	만번한여우굴7	5	0	16
004451	003202	만번한여우굴8	5	0	16
004452	003202	만번한여우굴9	5	0	16
004453	003202	만번한여우굴10	5	0	16
004454	003202	만번한인형굴1	4	0	16
004455	003202	만번한인형굴2	4	0	16
004456	003202	만번한인형굴3	4	0	16
004457	003202	만번한인형굴4	4	0	16
004458	003202	만번한인형굴5	4	0	16
004459	003202	만번한인형굴6	4	0	16
004460	003202	만번한인형굴7	4	0	16
004461	003202	만번한인형굴8	4	0	16
004462	003202	만번한인형굴9	4	0	16
004463	003202	만번한비밀세작의집1	105	0	16
004464	003202	만번한비밀세작의집2	105	0	16
004465	003202	만번한비밀세작의집3	105	0	16
004466	003202	만번한비밀세작의집4	105	0	16
004467	003202	만번한비밀세작의집5	105	0	16
004468	003202	만번한비밀세작의집6	105	0	16
004469	003202	만번한비밀세작의집7	105	0	16
004470	003202	만번한비밀세작의집8	105	0	16
004471	003202	만번한비밀세작의집9	105	0	16
//천안궁사냥터
004472	003203	천안궁유령굴1	3	0	16
004473	003203	천안궁유령굴2	3	0	16
004474	003203	천안궁유령굴3	3	0	16
004475	003203	천안궁유령굴4	3	0	16
004476	003203	천안궁유령굴5	3	0	16
004477	003203	천안궁유령굴6	3	0	16
004478	003203	천안궁유령굴7	3	0	16
004479	003203	천안궁유령굴8	3	0	16
004480	003203	천안궁유령굴9	3	0	16
004481	003203	천안궁흑령굴1	1	0	16
004482	003203	천안궁흑령굴2	1	0	16
004483	003203	천안궁흑령굴3	1	0	16
004484	003203	천안궁흑령굴4	1	0	16
004485	003203	천안궁흑령굴5	1	0	16
004486	003203	천안궁흑령굴6	1	0	16
004487	003203	천안궁흑령굴7	1	0	16
004488	003203	천안궁흑령굴8	1	0	16
004489	003203	천안궁흑령굴9	1	0	16
004490	003203	천안궁초보사냥1	2	0	16
004491	003203	천안궁초보사냥2	2	0	16
004492	003203	천안궁초보사냥3	2	0	16
004493	003203	천안궁초보사냥4	2	0	16
004494	003203	천안궁초보사냥5	2	0	16
004495	003203	천안궁사슴굴1	5	0	16
004496	003203	천안궁사슴굴2	5	0	16
004497	003203	천안궁사슴굴3	5	0	16
004498	003203	천안궁사슴굴4	5	0	16
004499	003203	천안궁사슴굴5	5	0	16
004500	003203	천안궁사슴굴6	5	0	16
004501	003203	천안궁사슴굴7	5	0	16
004502	003203	천안궁사슴굴8	5	0	16
004503	003203	천안궁사슴굴9	5	0	16
004504	003203	천안궁사슴굴10	5	0	16
004505	003203	천안궁돼지굴1	3	0	16
004506	003203	천안궁돼지굴2	3	0	16
004507	003203	천안궁돼지굴3	3	0	16
004508	003203	천안궁돼지굴4	3	0	16
004509	003203	천안궁돼지굴5	3	0	16
004510	003203	천안궁돼지굴6	3	0	16
004511	003203	천안궁돼지굴7	3	0	16
004512	003203	천안궁돼지굴8	3	0	16
004513	003203	천안궁돼지굴9	3	0	16
004514	003203	천안궁전갈굴1	4	0	16
004515	003203	천안궁전갈굴2	4	0	16
004516	003203	천안궁전갈굴3	4	0	16
004517	003203	천안궁전갈굴4	4	0	16
004518	003203	천안궁전갈굴5	4	0	16
004519	003203	천안궁전갈굴6	4	0	16
004520	003203	천안궁전갈굴7	4	0	16
004521	003203	천안궁전갈굴8	4	0	16
004522	003203	천안궁전갈굴9	4	0	16
004523	003203	천안궁전갈굴10	4	0	16
004524	003203	천안궁쥐굴1	5	0	16
004525	003203	천안궁쥐굴2	5	0	16
004526	003203	천안궁쥐굴3	5	0	16
004527	003203	천안궁쥐굴4	5	0	16
004528	003203	천안궁쥐굴5	5	0	16
004529	003203	천안궁쥐굴6	5	0	16
004530	003203	천안궁뱀굴1	3	0	16
004531	003203	천안궁뱀굴2	3	0	16
004532	003203	천안궁뱀굴3	3	0	16
004533	003203	천안궁뱀굴4	3	0	16
004534	003203	천안궁뱀굴5	3	0	16
004535	003203	천안궁뱀굴6	3	0	16
004536	003203	천안궁뱀굴7	3	0	16
004537	003203	천안궁뱀굴8	3	0	16
004538	003203	천안궁왕초보사냥1	2	0	16
004539	003203	천안궁왕초보사냥2	2	0	16
004540	003203	천안궁왕초보사냥3	2	0	16
004541	003203	천안궁왕초보사냥4	2	0	16
004542	003203	천안궁왕초보사냥5	2	0	16
004543	003203	천안궁물망동1	4	0	16
004544	003203	천안궁물망동2	4	0	16
004545	003203	천안궁물망동3	4	0	16
004546	003203	천안궁물망동4	4	0	16
004547	003203	천안궁물망동5	4	0	16
004548	003203	천안궁물망동6	4	0	16
004549	003203	천안궁물망동7	4	0	16
004550	003203	천안궁흉가1	7	0	16
004551	003203	천안궁흉가2	7	0	16
004552	003203	천안궁흉가3	7	0	16
004553	003203	천안궁흉가4	7	0	16
004554	003203	천안궁흉가5	7	0	16
004555	003203	천안궁흉가6	7	0	16
004556	003203	천안궁흉가7	7	0	16
004557	003203	천안궁흉가8	7	0	16
004558	003203	천안궁흉가9	7	0	16
004559	003203	천안궁자호굴1	5	0	16
004560	003203	천안궁자호굴2	5	0	16
004561	003203	천안궁자호굴3	5	0	16
004562	003203	천안궁자호굴4	5	0	16
004563	003203	천안궁자호굴5	5	0	16
004564	003203	천안궁자호굴6	5	0	16
004565	003203	천안궁자호굴7	5	0	16
004566	003203	천안궁자호굴8	5	0	16
004567	003203	천안궁자호굴9	5	0	16
004568	003203	천안궁자호굴10	5	0	16
004569	003203	천안궁곰굴1	5	0	16
004570	003203	천안궁곰굴2	5	0	16
004571	003203	천안궁곰굴3	5	0	16
004572	003203	천안궁곰굴4	5	0	16
004573	003203	천안궁곰굴5	5	0	16
004574	003203	천안궁곰굴6	5	0	16
004575	003203	천안궁여우굴1	5	0	16
004576	003203	천안궁여우굴2	5	0	16
004577	003203	천안궁여우굴3	5	0	16
004578	003203	천안궁여우굴4	5	0	16
004579	003203	천안궁여우굴5	5	0	16
004580	003203	천안궁여우굴6	5	0	16
004581	003203	천안궁여우굴7	5	0	16
004582	003203	천안궁여우굴8	5	0	16
004583	003203	천안궁여우굴9	5	0	16
004584	003203	천안궁여우굴10	5	0	16
004585	003203	천안궁인형굴1	4	0	16
004586	003203	천안궁인형굴2	4	0	16
004587	003203	천안궁인형굴3	4	0	16
004588	003203	천안궁인형굴4	4	0	16
004589	003203	천안궁인형굴5	4	0	16
004590	003203	천안궁인형굴6	4	0	16
004591	003203	천안궁인형굴7	4	0	16
004592	003203	천안궁인형굴8	4	0	16
004593	003203	천안궁인형굴9	4	0	16
004594	003203	천안궁비밀세작의집1	105	0	16
004595	003203	천안궁비밀세작의집2	105	0	16
004596	003203	천안궁비밀세작의집3	105	0	16
004597	003203	천안궁비밀세작의집4	105	0	16
004598	003203	천안궁비밀세작의집5	105	0	16
004599	003203	천안궁비밀세작의집6	105	0	16
004600	003203	천안궁비밀세작의집7	105	0	16
004601	003203	천안궁비밀세작의집8	105	0	16
004602	003203	천안궁비밀세작의집9	105	0	16
//상곡사냥터
004603	003204	상곡유령굴1	3	0	16
004604	003204	상곡유령굴2	3	0	16
004605	003204	상곡유령굴3	3	0	16
004606	003204	상곡유령굴4	3	0	16
004607	003204	상곡유령굴5	3	0	16
004608	003204	상곡유령굴6	3	0	16
004609	003204	상곡유령굴7	3	0	16
004610	003204	상곡유령굴8	3	0	16
004611	003204	상곡유령굴9	3	0	16
004612	003204	상곡흑령굴1	1	0	16
004613	003204	상곡흑령굴2	1	0	16
004614	003204	상곡흑령굴3	1	0	16
004615	003204	상곡흑령굴4	1	0	16
004616	003204	상곡흑령굴5	1	0	16
004617	003204	상곡흑령굴6	1	0	16
004618	003204	상곡흑령굴7	1	0	16
004619	003204	상곡흑령굴8	1	0	16
004620	003204	상곡흑령굴9	1	0	16
004621	003204	상곡초보사냥1	2	0	16
004622	003204	상곡초보사냥2	2	0	16
004623	003204	상곡초보사냥3	2	0	16
004624	003204	상곡초보사냥4	2	0	16
004625	003204	상곡초보사냥5	2	0	16
004626	003204	상곡사슴굴1	5	0	16
004627	003204	상곡사슴굴2	5	0	16
004628	003204	상곡사슴굴3	5	0	16
004629	003204	상곡사슴굴4	5	0	16
004630	003204	상곡사슴굴5	5	0	16
004631	003204	상곡사슴굴6	5	0	16
004632	003204	상곡사슴굴7	5	0	16
004633	003204	상곡사슴굴8	5	0	16
004634	003204	상곡사슴굴9	5	0	16
004635	003204	상곡사슴굴10	5	0	16
004636	003204	상곡돼지굴1	3	0	16
004637	003204	상곡돼지굴2	3	0	16
004638	003204	상곡돼지굴3	3	0	16
004639	003204	상곡돼지굴4	3	0	16
004640	003204	상곡돼지굴5	3	0	16
004641	003204	상곡돼지굴6	3	0	16
004642	003204	상곡돼지굴7	3	0	16
004643	003204	상곡돼지굴8	3	0	16
004644	003204	상곡돼지굴9	3	0	16
004645	003204	상곡전갈굴1	4	0	16
004646	003204	상곡전갈굴2	4	0	16
004647	003204	상곡전갈굴3	4	0	16
004648	003204	상곡전갈굴4	4	0	16
004649	003204	상곡전갈굴5	4	0	16
004650	003204	상곡전갈굴6	4	0	16
004651	003204	상곡전갈굴7	4	0	16
004652	003204	상곡전갈굴8	4	0	16
004653	003204	상곡전갈굴9	4	0	16
004654	003204	상곡전갈굴10	4	0	16
004655	003204	상곡쥐굴1	5	0	16
004656	003204	상곡쥐굴2	5	0	16
004657	003204	상곡쥐굴3	5	0	16
004658	003204	상곡쥐굴4	5	0	16
004659	003204	상곡쥐굴5	5	0	16
004660	003204	상곡쥐굴6	5	0	16
004661	003204	상곡뱀굴1	3	0	16
004662	003204	상곡뱀굴2	3	0	16
004663	003204	상곡뱀굴3	3	0	16
004664	003204	상곡뱀굴4	3	0	16
004665	003204	상곡뱀굴5	3	0	16
004666	003204	상곡뱀굴6	3	0	16
004667	003204	상곡뱀굴7	3	0	16
004668	003204	상곡뱀굴8	3	0	16
004669	003204	상곡왕초보사냥1	2	0	16
004670	003204	상곡왕초보사냥2	2	0	16
004671	003204	상곡왕초보사냥3	2	0	16
004672	003204	상곡왕초보사냥4	2	0	16
004673	003204	상곡왕초보사냥5	2	0	16
004674	003204	상곡물망동1	4	0	16
004675	003204	상곡물망동2	4	0	16
004676	003204	상곡물망동3	4	0	16
004677	003204	상곡물망동4	4	0	16
004678	003204	상곡물망동5	4	0	16
004679	003204	상곡물망동6	4	0	16
004680	003204	상곡물망동7	4	0	16
004681	003204	상곡흉가1	7	0	16
004682	003204	상곡흉가2	7	0	16
004683	003204	상곡흉가3	7	0	16
004684	003204	상곡흉가4	7	0	16
004685	003204	상곡흉가5	7	0	16
004686	003204	상곡흉가6	7	0	16
004687	003204	상곡흉가7	7	0	16
004688	003204	상곡흉가8	7	0	16
004689	003204	상곡흉가9	7	0	16
004690	003204	상곡자호굴1	5	0	16
004691	003204	상곡자호굴2	5	0	16
004692	003204	상곡자호굴3	5	0	16
004693	003204	상곡자호굴4	5	0	16
004694	003204	상곡자호굴5	5	0	16
004695	003204	상곡자호굴6	5	0	16
004696	003204	상곡자호굴7	5	0	16
004697	003204	상곡자호굴8	5	0	16
004698	003204	상곡자호굴9	5	0	16
004699	003204	상곡자호굴10	5	0	16
004700	003204	상곡곰굴1	5	0	16
004701	003204	상곡곰굴2	5	0	16
004702	003204	상곡곰굴3	5	0	16
004703	003204	상곡곰굴4	5	0	16
004704	003204	상곡곰굴5	5	0	16
004705	003204	상곡곰굴6	5	0	16
004706	003204	상곡여우굴1	5	0	16
004707	003204	상곡여우굴2	5	0	16
004708	003204	상곡여우굴3	5	0	16
004709	003204	상곡여우굴4	5	0	16
004710	003204	상곡여우굴5	5	0	16
004711	003204	상곡여우굴6	5	0	16
004712	003204	상곡여우굴7	5	0	16
004713	003204	상곡여우굴8	5	0	16
004714	003204	상곡여우굴9	5	0	16
004715	003204	상곡여우굴10	5	0	16
004716	003204	상곡인형굴1	4	0	16
004717	003204	상곡인형굴2	4	0	16
004718	003204	상곡인형굴3	4	0	16
004719	003204	상곡인형굴4	4	0	16
004720	003204	상곡인형굴5	4	0	16
004721	003204	상곡인형굴6	4	0	16
004722	003204	상곡인형굴7	4	0	16
004723	003204	상곡인형굴8	4	0	16
004724	003204	상곡인형굴9	4	0	16
004725	003204	상곡비밀세작의집1	105	0	16
004726	003204	상곡비밀세작의집2	105	0	16
004727	003204	상곡비밀세작의집3	105	0	16
004728	003204	상곡비밀세작의집4	105	0	16
004729	003204	상곡비밀세작의집5	105	0	16
004730	003204	상곡비밀세작의집6	105	0	16
004731	003204	상곡비밀세작의집7	105	0	16
004732	003204	상곡비밀세작의집8	105	0	16
004733	003204	상곡비밀세작의집9	105	0	16
//어양사냥터
004734	003205	어양유령굴1	3	0	16
004735	003205	어양유령굴2	3	0	16
004736	003205	어양유령굴3	3	0	16
004737	003205	어양유령굴4	3	0	16
004738	003205	어양유령굴5	3	0	16
004739	003205	어양유령굴6	3	0	16
004740	003205	어양유령굴7	3	0	16
004741	003205	어양유령굴8	3	0	16
004742	003205	어양유령굴9	3	0	16
004743	003205	어양흑령굴1	1	0	16
004744	003205	어양흑령굴2	1	0	16
004745	003205	어양흑령굴3	1	0	16
004746	003205	어양흑령굴4	1	0	16
004747	003205	어양흑령굴5	1	0	16
004748	003205	어양흑령굴6	1	0	16
004749	003205	어양흑령굴7	1	0	16
004750	003205	어양흑령굴8	1	0	16
004751	003205	어양흑령굴9	1	0	16
004752	003205	어양초보사냥1	2	0	16
004753	003205	어양초보사냥2	2	0	16
004754	003205	어양초보사냥3	2	0	16
004755	003205	어양초보사냥4	2	0	16
004756	003205	어양초보사냥5	2	0	16
004757	003205	어양사슴굴1	5	0	16
004758	003205	어양사슴굴2	5	0	16
004759	003205	어양사슴굴3	5	0	16
004760	003205	어양사슴굴4	5	0	16
004761	003205	어양사슴굴5	5	0	16
004762	003205	어양사슴굴6	5	0	16
004763	003205	어양사슴굴7	5	0	16
004764	003205	어양사슴굴8	5	0	16
004765	003205	어양사슴굴9	5	0	16
004766	003205	어양사슴굴10	5	0	16
004767	003205	어양돼지굴1	3	0	16
004768	003205	어양돼지굴2	3	0	16
004769	003205	어양돼지굴3	3	0	16
004770	003205	어양돼지굴4	3	0	16
004771	003205	어양돼지굴5	3	0	16
004772	003205	어양돼지굴6	3	0	16
004773	003205	어양돼지굴7	3	0	16
004774	003205	어양돼지굴8	3	0	16
004775	003205	어양돼지굴9	3	0	16
004776	003205	어양전갈굴1	4	0	16
004777	003205	어양전갈굴2	4	0	16
004778	003205	어양전갈굴3	4	0	16
004779	003205	어양전갈굴4	4	0	16
004780	003205	어양전갈굴5	4	0	16
004781	003205	어양전갈굴6	4	0	16
004782	003205	어양전갈굴7	4	0	16
004783	003205	어양전갈굴8	4	0	16
004784	003205	어양전갈굴9	4	0	16
004785	003205	어양전갈굴10	4	0	16
004786	003205	어양쥐굴1	5	0	16
004787	003205	어양쥐굴2	5	0	16
004788	003205	어양쥐굴3	5	0	16
004789	003205	어양쥐굴4	5	0	16
004790	003205	어양쥐굴5	5	0	16
004791	003205	어양쥐굴6	5	0	16
004792	003205	어양뱀굴1	3	0	16
004793	003205	어양뱀굴2	3	0	16
004794	003205	어양뱀굴3	3	0	16
004795	003205	어양뱀굴4	3	0	16
004796	003205	어양뱀굴5	3	0	16
004797	003205	어양뱀굴6	3	0	16
004798	003205	어양뱀굴7	3	0	16
004799	003205	어양뱀굴8	3	0	16
004800	003205	어양왕초보사냥1	2	0	16
004801	003205	어양왕초보사냥2	2	0	16
004802	003205	어양왕초보사냥3	2	0	16
004803	003205	어양왕초보사냥4	2	0	16
004804	003205	어양왕초보사냥5	2	0	16
004805	003205	어양물망동1	4	0	16
004806	003205	어양물망동2	4	0	16
004807	003205	어양물망동3	4	0	16
004808	003205	어양물망동4	4	0	16
004809	003205	어양물망동5	4	0	16
004810	003205	어양물망동6	4	0	16
004811	003205	어양물망동7	4	0	16
004812	003205	어양흉가1	7	0	16
004813	003205	어양흉가2	7	0	16
004814	003205	어양흉가3	7	0	16
004815	003205	어양흉가4	7	0	16
004816	003205	어양흉가5	7	0	16
004817	003205	어양흉가6	7	0	16
004818	003205	어양흉가7	7	0	16
004819	003205	어양흉가8	7	0	16
004820	003205	어양흉가9	7	0	16
004821	003205	어양자호굴1	5	0	16
004822	003205	어양자호굴2	5	0	16
004823	003205	어양자호굴3	5	0	16
004824	003205	어양자호굴4	5	0	16
004825	003205	어양자호굴5	5	0	16
004826	003205	어양자호굴6	5	0	16
004827	003205	어양자호굴7	5	0	16
004828	003205	어양자호굴8	5	0	16
004829	003205	어양자호굴9	5	0	16
004830	003205	어양자호굴10	5	0	16
004831	003205	어양곰굴1	5	0	16
004832	003205	어양곰굴2	5	0	16
004833	003205	어양곰굴3	5	0	16
004834	003205	어양곰굴4	5	0	16
004835	003205	어양곰굴5	5	0	16
004836	003205	어양곰굴6	5	0	16
004837	003205	어양여우굴1	5	0	16
004838	003205	어양여우굴2	5	0	16
004839	003205	어양여우굴3	5	0	16
004840	003205	어양여우굴4	5	0	16
004841	003205	어양여우굴5	5	0	16
004842	003205	어양여우굴6	5	0	16
004843	003205	어양여우굴7	5	0	16
004844	003205	어양여우굴8	5	0	16
004845	003205	어양여우굴9	5	0	16
004846	003205	어양여우굴10	5	0	16
004847	003205	어양인형굴1	4	0	16
004848	003205	어양인형굴2	4	0	16
004849	003205	어양인형굴3	4	0	16
004850	003205	어양인형굴4	4	0	16
004851	003205	어양인형굴5	4	0	16
004852	003205	어양인형굴6	4	0	16
004853	003205	어양인형굴7	4	0	16
004854	003205	어양인형굴8	4	0	16
004855	003205	어양인형굴9	4	0	16
004856	003205	어양비밀세작의집1	105	0	16
004857	003205	어양비밀세작의집2	105	0	16
004858	003205	어양비밀세작의집3	105	0	16
004859	003205	어양비밀세작의집4	105	0	16
004860	003205	어양비밀세작의집5	105	0	16
004861	003205	어양비밀세작의집6	105	0	16
004862	003205	어양비밀세작의집7	105	0	16
004863	003205	어양비밀세작의집8	105	0	16
004864	003205	어양비밀세작의집9	105	0	16
//관령사냥터
004865	003206	관령유령굴1	3	0	16
004866	003206	관령유령굴2	3	0	16
004867	003206	관령유령굴3	3	0	16
004868	003206	관령유령굴4	3	0	16
004869	003206	관령유령굴5	3	0	16
004870	003206	관령유령굴6	3	0	16
004871	003206	관령유령굴7	3	0	16
004872	003206	관령유령굴8	3	0	16
004873	003206	관령유령굴9	3	0	16
004874	003206	관령흑령굴1	1	0	16
004875	003206	관령흑령굴2	1	0	16
004876	003206	관령흑령굴3	1	0	16
004877	003206	관령흑령굴4	1	0	16
004878	003206	관령흑령굴5	1	0	16
004879	003206	관령흑령굴6	1	0	16
004880	003206	관령흑령굴7	1	0	16
004881	003206	관령흑령굴8	1	0	16
004882	003206	관령흑령굴9	1	0	16
004883	003206	관령초보사냥1	2	0	16
004884	003206	관령초보사냥2	2	0	16
004885	003206	관령초보사냥3	2	0	16
004886	003206	관령초보사냥4	2	0	16
004887	003206	관령초보사냥5	2	0	16
004888	003206	관령사슴굴1	5	0	16
004889	003206	관령사슴굴2	5	0	16
004890	003206	관령사슴굴3	5	0	16
004891	003206	관령사슴굴4	5	0	16
004892	003206	관령사슴굴5	5	0	16
004893	003206	관령사슴굴6	5	0	16
004894	003206	관령사슴굴7	5	0	16
004895	003206	관령사슴굴8	5	0	16
004896	003206	관령사슴굴9	5	0	16
004897	003206	관령사슴굴10	5	0	16
004898	003206	관령돼지굴1	3	0	16
004899	003206	관령돼지굴2	3	0	16
004900	003206	관령돼지굴3	3	0	16
004901	003206	관령돼지굴4	3	0	16
004902	003206	관령돼지굴5	3	0	16
004903	003206	관령돼지굴6	3	0	16
004904	003206	관령돼지굴7	3	0	16
004905	003206	관령돼지굴8	3	0	16
004906	003206	관령돼지굴9	3	0	16
004907	003206	관령전갈굴1	4	0	16
004908	003206	관령전갈굴2	4	0	16
004909	003206	관령전갈굴3	4	0	16
004910	003206	관령전갈굴4	4	0	16
004911	003206	관령전갈굴5	4	0	16
004912	003206	관령전갈굴6	4	0	16
004913	003206	관령전갈굴7	4	0	16
004914	003206	관령전갈굴8	4	0	16
004915	003206	관령전갈굴9	4	0	16
004916	003206	관령전갈굴10	4	0	16
004917	003206	관령쥐굴1	5	0	16
004918	003206	관령쥐굴2	5	0	16
004919	003206	관령쥐굴3	5	0	16
004920	003206	관령쥐굴4	5	0	16
004921	003206	관령쥐굴5	5	0	16
004922	003206	관령쥐굴6	5	0	16
004923	003206	관령뱀굴1	3	0	16
004924	003206	관령뱀굴2	3	0	16
004925	003206	관령뱀굴3	3	0	16
004926	003206	관령뱀굴4	3	0	16
004927	003206	관령뱀굴5	3	0	16
004928	003206	관령뱀굴6	3	0	16
004929	003206	관령뱀굴7	3	0	16
004930	003206	관령뱀굴8	3	0	16
004931	003206	관령왕초보사냥1	2	0	16
004932	003206	관령왕초보사냥2	2	0	16
004933	003206	관령왕초보사냥3	2	0	16
004934	003206	관령왕초보사냥4	2	0	16
004935	003206	관령왕초보사냥5	2	0	16
004936	003206	관령물망동1	4	0	16
004937	003206	관령물망동2	4	0	16
004938	003206	관령물망동3	4	0	16
004939	003206	관령물망동4	4	0	16
004940	003206	관령물망동5	4	0	16
004941	003206	관령물망동6	4	0	16
004942	003206	관령물망동7	4	0	16
004943	003206	관령흉가1	7	0	16
004944	003206	관령흉가2	7	0	16
004945	003206	관령흉가3	7	0	16
004946	003206	관령흉가4	7	0	16
004947	003206	관령흉가5	7	0	16
004948	003206	관령흉가6	7	0	16
004949	003206	관령흉가7	7	0	16
004950	003206	관령흉가8	7	0	16
004951	003206	관령흉가9	7	0	16
004952	003206	관령자호굴1	5	0	16
004953	003206	관령자호굴2	5	0	16
004954	003206	관령자호굴3	5	0	16
004955	003206	관령자호굴4	5	0	16
004956	003206	관령자호굴5	5	0	16
004957	003206	관령자호굴6	5	0	16
004958	003206	관령자호굴7	5	0	16
004959	003206	관령자호굴8	5	0	16
004960	003206	관령자호굴9	5	0	16
004961	003206	관령자호굴10	5	0	16
004962	003206	관령곰굴1	5	0	16
004963	003206	관령곰굴2	5	0	16
004964	003206	관령곰굴3	5	0	16
004965	003206	관령곰굴4	5	0	16
004966	003206	관령곰굴5	5	0	16
004967	003206	관령곰굴6	5	0	16
004968	003206	관령여우굴1	5	0	16
004969	003206	관령여우굴2	5	0	16
004970	003206	관령여우굴3	5	0	16
004971	003206	관령여우굴4	5	0	16
004972	003206	관령여우굴5	5	0	16
004973	003206	관령여우굴6	5	0	16
004974	003206	관령여우굴7	5	0	16
004975	003206	관령여우굴8	5	0	16
004976	003206	관령여우굴9	5	0	16
004977	003206	관령여우굴10	5	0	16
004978	003206	관령인형굴1	4	0	16
004979	003206	관령인형굴2	4	0	16
004980	003206	관령인형굴3	4	0	16
004981	003206	관령인형굴4	4	0	16
004982	003206	관령인형굴5	4	0	16
004983	003206	관령인형굴6	4	0	16
004984	003206	관령인형굴7	4	0	16
004985	003206	관령인형굴8	4	0	16
004986	003206	관령인형굴9	4	0	16
004987	003206	관령비밀세작의집1	105	0	16
004988	003206	관령비밀세작의집2	105	0	16
004989	003206	관령비밀세작의집3	105	0	16
004990	003206	관령비밀세작의집4	105	0	16
004991	003206	관령비밀세작의집5	105	0	16
004992	003206	관령비밀세작의집6	105	0	16
004993	003206	관령비밀세작의집7	105	0	16
004994	003206	관령비밀세작의집8	105	0	16
004995	003206	관령비밀세작의집9	105	0	16
//범안사냥터
004996	003207	범안유령굴1	3	0	16
004997	003207	범안유령굴2	3	0	16
004998	003207	범안유령굴3	3	0	16
004999	003207	범안유령굴4	3	0	16
005000	003207	범안유령굴5	3	0	16
005001	003207	범안유령굴6	3	0	16
005002	003207	범안유령굴7	3	0	16
005003	003207	범안유령굴8	3	0	16
005004	003207	범안유령굴9	3	0	16
005005	003207	범안흑령굴1	1	0	16
005006	003207	범안흑령굴2	1	0	16
005007	003207	범안흑령굴3	1	0	16
005008	003207	범안흑령굴4	1	0	16
005009	003207	범안흑령굴5	1	0	16
005010	003207	범안흑령굴6	1	0	16
005011	003207	범안흑령굴7	1	0	16
005012	003207	범안흑령굴8	1	0	16
005013	003207	범안흑령굴9	1	0	16
005014	003207	범안초보사냥1	2	0	16
005015	003207	범안초보사냥2	2	0	16
005016	003207	범안초보사냥3	2	0	16
005017	003207	범안초보사냥4	2	0	16
005018	003207	범안초보사냥5	2	0	16
005019	003207	범안사슴굴1	5	0	16
005020	003207	범안사슴굴2	5	0	16
005021	003207	범안사슴굴3	5	0	16
005022	003207	범안사슴굴4	5	0	16
005023	003207	범안사슴굴5	5	0	16
005024	003207	범안사슴굴6	5	0	16
005025	003207	범안사슴굴7	5	0	16
005026	003207	범안사슴굴8	5	0	16
005027	003207	범안사슴굴9	5	0	16
005028	003207	범안사슴굴10	5	0	16
005029	003207	범안돼지굴1	3	0	16
005030	003207	범안돼지굴2	3	0	16
005031	003207	범안돼지굴3	3	0	16
005032	003207	범안돼지굴4	3	0	16
005033	003207	범안돼지굴5	3	0	16
005034	003207	범안돼지굴6	3	0	16
005035	003207	범안돼지굴7	3	0	16
005036	003207	범안돼지굴8	3	0	16
005037	003207	범안돼지굴9	3	0	16
005038	003207	범안전갈굴1	4	0	16
005039	003207	범안전갈굴2	4	0	16
005040	003207	범안전갈굴3	4	0	16
005041	003207	범안전갈굴4	4	0	16
005042	003207	범안전갈굴5	4	0	16
005043	003207	범안전갈굴6	4	0	16
005044	003207	범안전갈굴7	4	0	16
005045	003207	범안전갈굴8	4	0	16
005046	003207	범안전갈굴9	4	0	16
005047	003207	범안전갈굴10	4	0	16
005048	003207	범안쥐굴1	5	0	16
005049	003207	범안쥐굴2	5	0	16
005050	003207	범안쥐굴3	5	0	16
005051	003207	범안쥐굴4	5	0	16
005052	003207	범안쥐굴5	5	0	16
005053	003207	범안쥐굴6	5	0	16
005054	003207	범안뱀굴1	3	0	16
005055	003207	범안뱀굴2	3	0	16
005056	003207	범안뱀굴3	3	0	16
005057	003207	범안뱀굴4	3	0	16
005058	003207	범안뱀굴5	3	0	16
005059	003207	범안뱀굴6	3	0	16
005060	003207	범안뱀굴7	3	0	16
005061	003207	범안뱀굴8	3	0	16
005062	003207	범안왕초보사냥1	2	0	16
005063	003207	범안왕초보사냥2	2	0	16
005064	003207	범안왕초보사냥3	2	0	16
005065	003207	범안왕초보사냥4	2	0	16
005066	003207	범안왕초보사냥5	2	0	16
005067	003207	범안물망동1	4	0	16
005068	003207	범안물망동2	4	0	16
005069	003207	범안물망동3	4	0	16
005070	003207	범안물망동4	4	0	16
005071	003207	범안물망동5	4	0	16
005072	003207	범안물망동6	4	0	16
005073	003207	범안물망동7	4	0	16
005074	003207	범안흉가1	7	0	16
005075	003207	범안흉가2	7	0	16
005076	003207	범안흉가3	7	0	16
005077	003207	범안흉가4	7	0	16
005078	003207	범안흉가5	7	0	16
005079	003207	범안흉가6	7	0	16
005080	003207	범안흉가7	7	0	16
005081	003207	범안흉가8	7	0	16
005082	003207	범안흉가9	7	0	16
005083	003207	범안자호굴1	5	0	16
005084	003207	범안자호굴2	5	0	16
005085	003207	범안자호굴3	5	0	16
005086	003207	범안자호굴4	5	0	16
005087	003207	범안자호굴5	5	0	16
005088	003207	범안자호굴6	5	0	16
005089	003207	범안자호굴7	5	0	16
005090	003207	범안자호굴8	5	0	16
005091	003207	범안자호굴9	5	0	16
005092	003207	범안자호굴10	5	0	16
005093	003207	범안곰굴1	5	0	16
005094	003207	범안곰굴2	5	0	16
005095	003207	범안곰굴3	5	0	16
005096	003207	범안곰굴4	5	0	16
005097	003207	범안곰굴5	5	0	16
005098	003207	범안곰굴6	5	0	16
005099	003207	범안여우굴1	5	0	16
005100	003207	범안여우굴2	5	0	16
005101	003207	범안여우굴3	5	0	16
005102	003207	범안여우굴4	5	0	16
005103	003207	범안여우굴5	5	0	16
005104	003207	범안여우굴6	5	0	16
005105	003207	범안여우굴7	5	0	16
005106	003207	범안여우굴8	5	0	16
005107	003207	범안여우굴9	5	0	16
005108	003207	범안여우굴10	5	0	16
005109	003207	범안인형굴1	4	0	16
005110	003207	범안인형굴2	4	0	16
005111	003207	범안인형굴3	4	0	16
005112	003207	범안인형굴4	4	0	16
005113	003207	범안인형굴5	4	0	16
005114	003207	범안인형굴6	4	0	16
005115	003207	범안인형굴7	4	0	16
005116	003207	범안인형굴8	4	0	16
005117	003207	범안인형굴9	4	0	16
005118	003207	범안비밀세작의집1	105	0	16
005119	003207	범안비밀세작의집2	105	0	16
005120	003207	범안비밀세작의집3	105	0	16
005121	003207	범안비밀세작의집4	105	0	16
005122	003207	범안비밀세작의집5	105	0	16
005123	003207	범안비밀세작의집6	105	0	16
005124	003207	범안비밀세작의집7	105	0	16
005125	003207	범안비밀세작의집8	105	0	16
005126	003207	범안비밀세작의집9	105	0	16
//평양사냥터
005127	003178	평양왕초보사냥1	1	0	16
005128	003178	평양왕초보사냥2	1	0	16
005129	003178	평양왕초보사냥3	1	0	16
005130	003178	평양왕초보사냥4	1	0	16
005131	003178	평양왕초보사냥5	1	0	16
005132	003178	평양쥐굴1	5	0	16
005133	003178	평양쥐굴2	5	0	16
005134	003178	평양쥐굴3	5	0	16
005135	003178	평양쥐굴4	5	0	16
005136	003178	평양쥐굴5	5	0	16
005137	003178	평양쥐굴6	5	0	16
005138	003178	평양뱀굴1	3	0	16
005139	003178	평양뱀굴2	3	0	16
005140	003178	평양뱀굴3	3	0	16
005141	003178	평양뱀굴4	3	0	16
005142	003178	평양뱀굴5	3	0	16
005143	003178	평양뱀굴6	3	0	16
005144	003178	평양뱀굴7	3	0	16
005145	003178	평양뱀굴8	3	0	16
005146	003178	평양곰굴1	5	0	16
005147	003178	평양곰굴2	5	0	16
005148	003178	평양곰굴3	5	0	16
005149	003178	평양곰굴4	5	0	16
005150	003178	평양곰굴5	5	0	16
005151	003178	평양곰굴6	5	0	16
005152	003178	평양사슴굴1	5	0	16
005153	003178	평양사슴굴2	5	0	16
005154	003178	평양사슴굴3	5	0	16
005155	003178	평양사슴굴4	5	0	16
005156	003178	평양사슴굴5	5	0	16
005157	003178	평양사슴굴6	5	0	16
005158	003178	평양사슴굴7	5	0	16
005159	003178	평양사슴굴8	5	0	16
005160	003178	평양사슴굴9	5	0	16
005161	003178	평양사슴굴10	5	0	16
005162	003178	평양돼지굴1	3	0	16
005163	003178	평양돼지굴2	3	0	16
005164	003178	평양돼지굴3	3	0	16
005165	003178	평양돼지굴4	3	0	16
005166	003178	평양돼지굴5	3	0	16
005167	003178	평양돼지굴6	3	0	16
005168	003178	평양돼지굴7	3	0	16
005169	003178	평양돼지굴8	3	0	16
005170	003178	평양돼지굴9	3	0	16
005171	003178	평양여우굴1	5	0	16
005172	003178	평양여우굴2	5	0	16
005173	003178	평양여우굴3	5	0	16
005174	003178	평양여우굴4	5	0	16
005175	003178	평양여우굴5	5	0	16
005176	003178	평양여우굴6	5	0	16
005177	003178	평양여우굴7	5	0	16
005178	003178	평양여우굴8	5	0	16
005179	003178	평양여우굴9	5	0	16
005180	003178	평양여우굴10	5	0	16
005181	003178	평양자호굴1	5	0	16
005182	003178	평양자호굴2	5	0	16
005183	003178	평양자호굴3	5	0	16
005184	003178	평양자호굴4	5	0	16
005185	003178	평양자호굴5	5	0	16
005186	003178	평양자호굴6	5	0	16
005187	003178	평양자호굴7	5	0	16
005188	003178	평양자호굴8	5	0	16
005189	003178	평양자호굴9	5	0	16
005190	003178	평양자호굴10	5	0	16
005191	003178	평양사마귀굴1	3	0	16
005192	003178	평양사마귀굴2	3	0	16
005193	003178	평양사마귀굴3	3	0	16
005194	003178	평양사마귀굴4	3	0	16
005195	003178	평양사마귀굴5	3	0	16
005196	003178	평양사마귀굴6	3	0	16
005197	003178	평양사마귀굴7	3	0	16
005198	003178	평양해골굴1	4	0	16
005199	003178	평양해골굴2	4	0	16
005200	003178	평양해골굴3	4	0	16
005201	003178	평양해골굴4	4	0	16
005202	003178	평양해골굴5	4	0	16
005203	003178	평양해골굴6	4	0	16
005204	003178	평양해골굴7	4	0	16
005205	003178	평양해골굴8	4	0	16
005206	003178	평양해골굴9	4	0	16
005207	003178	평양인형굴1	4	0	16
005208	003178	평양인형굴2	4	0	16
005209	003178	평양인형굴3	4	0	16
005210	003178	평양인형굴4	4	0	16
005211	003178	평양인형굴5	4	0	16
005212	003178	평양인형굴6	4	0	16
005213	003178	평양인형굴7	4	0	16
005214	003178	평양인형굴8	4	0	16
005215	003178	평양인형굴9	4	0	16
005216	003178	평양백륜동1	4	0	16
005217	003178	평양백륜동2	4	0	16
005218	003178	평양백륜동3	4	0	16
005219	003178	평양백륜동4	4	0	16
005220	003178	평양백륜동5	4	0	16
005221	003178	평양백륜동6	4	0	16
005222	003178	평양백륜동7	4	0	16
005223	003178	평양백륜동8	4	0	16
005224	003178	평양백륜동9	4	0	16
005225	003178	평양백륜동10	4	0	16
005226	003178	평양비밀세작의집1	6	0	16
005227	003178	평양비밀세작의집2	6	0	16
005228	003178	평양비밀세작의집3	6	0	16
005229	003178	평양비밀세작의집4	6	0	16
005230	003178	평양비밀세작의집5	6	0	16
005231	003178	평양비밀세작의집6	6	0	16
005232	003178	평양비밀세작의집7	6	0	16
005233	003178	평양비밀세작의집8	6	0	16
005234	003178	평양비밀세작의집9	6	0	16
005235	003178	평양성흉가1	7	0	16
005236	003178	평양성흉가2	7	0	16
005237	003178	평양성흉가3	7	0	16
005238	003178	평양성흉가4	7	0	16
005239	003178	평양성흉가5	7	0	16
005240	003178	평양성흉가6	7	0	16
005241	003178	평양성흉가7	7	0	16
005242	003178	평양성흉가8	7	0	16
005243	003178	평양성흉가9	7	0	16
005244	003178	평양흑해골굴1	1	0	16
005245	003178	평양흑해골굴2	1	0	16
005246	003178	평양흑해골굴3	1	0	16
005247	003178	평양흑해골굴4	1	0	16
005248	003178	평양흑해골굴5	1	0	16
005249	003178	평양흑해골굴6	1	0	16
005250	003178	평양흑해골굴7	1	0	16
005251	003178	평양흑해골굴8	1	0	16
005252	003178	평양흑해골굴9	1	0	16
005253	003178	평양초보사냥1	1	0	16
005254	003178	평양초보사냥2	1	0	16
005255	003178	평양초보사냥3	1	0	16
005256	003178	평양초보사냥4	1	0	16
005257	003178	평양초보사냥5	1	0	16
//졸본사냥터
005258	003176	졸본왕초보사냥1	1	0	16
005259	003176	졸본왕초보사냥2	1	0	16
005260	003176	졸본왕초보사냥3	1	0	16
005261	003176	졸본왕초보사냥4	1	0	16
005262	003176	졸본왕초보사냥5	1	0	16
005263	003176	졸본쥐굴1	5	0	16
005264	003176	졸본쥐굴2	5	0	16
005265	003176	졸본쥐굴3	5	0	16
005266	003176	졸본쥐굴4	5	0	16
005267	003176	졸본쥐굴5	5	0	16
005268	003176	졸본쥐굴6	5	0	16
005269	003176	졸본뱀굴1	3	0	16
005270	003176	졸본뱀굴2	3	0	16
005271	003176	졸본뱀굴3	3	0	16
005272	003176	졸본뱀굴4	3	0	16
005273	003176	졸본뱀굴5	3	0	16
005274	003176	졸본뱀굴6	3	0	16
005275	003176	졸본뱀굴7	3	0	16
005276	003176	졸본뱀굴8	3	0	16
005277	003176	졸본곰굴1	5	0	16
005278	003176	졸본곰굴2	5	0	16
005279	003176	졸본곰굴3	5	0	16
005280	003176	졸본곰굴4	5	0	16
005281	003176	졸본곰굴5	5	0	16
005282	003176	졸본곰굴6	5	0	16
005283	003176	졸본사슴굴1	5	0	16
005284	003176	졸본사슴굴2	5	0	16
005285	003176	졸본사슴굴3	5	0	16
005286	003176	졸본사슴굴4	5	0	16
005287	003176	졸본사슴굴5	5	0	16
005288	003176	졸본사슴굴6	5	0	16
005289	003176	졸본사슴굴7	5	0	16
005290	003176	졸본사슴굴8	5	0	16
005291	003176	졸본사슴굴9	5	0	16
005292	003176	졸본사슴굴10	5	0	16
005293	003176	졸본돼지굴1	3	0	16
005294	003176	졸본돼지굴2	3	0	16
005295	003176	졸본돼지굴3	3	0	16
005296	003176	졸본돼지굴4	3	0	16
005297	003176	졸본돼지굴5	3	0	16
005298	003176	졸본돼지굴6	3	0	16
005299	003176	졸본돼지굴7	3	0	16
005300	003176	졸본돼지굴8	3	0	16
005301	003176	졸본돼지굴9	3	0	16
005302	003176	졸본여우굴1	5	0	16
005303	003176	졸본여우굴2	5	0	16
005304	003176	졸본여우굴3	5	0	16
005305	003176	졸본여우굴4	5	0	16
005306	003176	졸본여우굴5	5	0	16
005307	003176	졸본여우굴6	5	0	16
005308	003176	졸본여우굴7	5	0	16
005309	003176	졸본여우굴8	5	0	16
005310	003176	졸본여우굴9	5	0	16
005311	003176	졸본여우굴10	5	0	16
005312	003176	졸본자호굴1	5	0	16
005313	003176	졸본자호굴2	5	0	16
005314	003176	졸본자호굴3	5	0	16
005315	003176	졸본자호굴4	5	0	16
005316	003176	졸본자호굴5	5	0	16
005317	003176	졸본자호굴6	5	0	16
005318	003176	졸본자호굴7	5	0	16
005319	003176	졸본자호굴8	5	0	16
005320	003176	졸본자호굴9	5	0	16
005321	003176	졸본자호굴10	5	0	16
005322	003176	졸본사마귀굴1	3	0	16
005323	003176	졸본사마귀굴2	3	0	16
005324	003176	졸본사마귀굴3	3	0	16
005325	003176	졸본사마귀굴4	3	0	16
005326	003176	졸본사마귀굴5	3	0	16
005327	003176	졸본사마귀굴6	3	0	16
005328	003176	졸본사마귀굴7	3	0	16
005329	003176	졸본해골굴1	4	0	16
005330	003176	졸본해골굴2	4	0	16
005331	003176	졸본해골굴3	4	0	16
005332	003176	졸본해골굴4	4	0	16
005333	003176	졸본해골굴5	4	0	16
005334	003176	졸본해골굴6	4	0	16
005335	003176	졸본해골굴7	4	0	16
005336	003176	졸본해골굴8	4	0	16
005337	003176	졸본해골굴9	4	0	16
005338	003176	졸본인형굴1	4	0	16
005339	003176	졸본인형굴2	4	0	16
005340	003176	졸본인형굴3	4	0	16
005341	003176	졸본인형굴4	4	0	16
005342	003176	졸본인형굴5	4	0	16
005343	003176	졸본인형굴6	4	0	16
005344	003176	졸본인형굴7	4	0	16
005345	003176	졸본인형굴8	4	0	16
005346	003176	졸본인형굴9	4	0	16
005347	003176	졸본백륜동1	4	0	16
005348	003176	졸본백륜동2	4	0	16
005349	003176	졸본백륜동3	4	0	16
005350	003176	졸본백륜동4	4	0	16
005351	003176	졸본백륜동5	4	0	16
005352	003176	졸본백륜동6	4	0	16
005353	003176	졸본백륜동7	4	0	16
005354	003176	졸본백륜동8	4	0	16
005355	003176	졸본백륜동9	4	0	16
005356	003176	졸본백륜동10	4	0	16
005357	003176	졸본비밀세작의집1	6	0	16
005358	003176	졸본비밀세작의집2	6	0	16
005359	003176	졸본비밀세작의집3	6	0	16
005360	003176	졸본비밀세작의집4	6	0	16
005361	003176	졸본비밀세작의집5	6	0	16
005362	003176	졸본비밀세작의집6	6	0	16
005363	003176	졸본비밀세작의집7	6	0	16
005364	003176	졸본비밀세작의집8	6	0	16
005365	003176	졸본비밀세작의집9	6	0	16
005366	003176	졸본성흉가1	7	0	16
005367	003176	졸본성흉가2	7	0	16
005368	003176	졸본성흉가3	7	0	16
005369	003176	졸본성흉가4	7	0	16
005370	003176	졸본성흉가5	7	0	16
005371	003176	졸본성흉가6	7	0	16
005372	003176	졸본성흉가7	7	0	16
005373	003176	졸본성흉가8	7	0	16
005374	003176	졸본성흉가9	7	0	16
005375	003176	졸본흑해골굴1	1	0	16
005376	003176	졸본흑해골굴2	1	0	16
005377	003176	졸본흑해골굴3	1	0	16
005378	003176	졸본흑해골굴4	1	0	16
005379	003176	졸본흑해골굴5	1	0	16
005380	003176	졸본흑해골굴6	1	0	16
005381	003176	졸본흑해골굴7	1	0	16
005382	003176	졸본흑해골굴8	1	0	16
005383	003176	졸본흑해골굴9	1	0	16
005384	003176	졸본초보사냥1	1	0	16
005385	003176	졸본초보사냥2	1	0	16
005386	003176	졸본초보사냥3	1	0	16
005387	003176	졸본초보사냥4	1	0	16
005388	003176	졸본초보사냥5	1	0	16
//숙군사냥터
005389	003174	숙군왕초보사냥1	1	0	16
005390	003174	숙군왕초보사냥2	1	0	16
005391	003174	숙군왕초보사냥3	1	0	16
005392	003174	숙군왕초보사냥4	1	0	16
005393	003174	숙군왕초보사냥5	1	0	16
005394	003174	숙군쥐굴1	5	0	16
005395	003174	숙군쥐굴2	5	0	16
005396	003174	숙군쥐굴3	5	0	16
005397	003174	숙군쥐굴4	5	0	16
005398	003174	숙군쥐굴5	5	0	16
005399	003174	숙군쥐굴6	5	0	16
005400	003174	숙군뱀굴1	3	0	16
005401	003174	숙군뱀굴2	3	0	16
005402	003174	숙군뱀굴3	3	0	16
005403	003174	숙군뱀굴4	3	0	16
005404	003174	숙군뱀굴5	3	0	16
005405	003174	숙군뱀굴6	3	0	16
005406	003174	숙군뱀굴7	3	0	16
005407	003174	숙군뱀굴8	3	0	16
005408	003174	숙군곰굴1	5	0	16
005409	003174	숙군곰굴2	5	0	16
005410	003174	숙군곰굴3	5	0	16
005411	003174	숙군곰굴4	5	0	16
005412	003174	숙군곰굴5	5	0	16
005413	003174	숙군곰굴6	5	0	16
005414	003174	숙군사슴굴1	5	0	16
005415	003174	숙군사슴굴2	5	0	16
005416	003174	숙군사슴굴3	5	0	16
005417	003174	숙군사슴굴4	5	0	16
005418	003174	숙군사슴굴5	5	0	16
005419	003174	숙군사슴굴6	5	0	16
005420	003174	숙군사슴굴7	5	0	16
005421	003174	숙군사슴굴8	5	0	16
005422	003174	숙군사슴굴9	5	0	16
005423	003174	숙군사슴굴10	5	0	16
005424	003174	숙군돼지굴1	3	0	16
005425	003174	숙군돼지굴2	3	0	16
005426	003174	숙군돼지굴3	3	0	16
005427	003174	숙군돼지굴4	3	0	16
005428	003174	숙군돼지굴5	3	0	16
005429	003174	숙군돼지굴6	3	0	16
005430	003174	숙군돼지굴7	3	0	16
005431	003174	숙군돼지굴8	3	0	16
005432	003174	숙군돼지굴9	3	0	16
005433	003174	숙군여우굴1	5	0	16
005434	003174	숙군여우굴2	5	0	16
005435	003174	숙군여우굴3	5	0	16
005436	003174	숙군여우굴4	5	0	16
005437	003174	숙군여우굴5	5	0	16
005438	003174	숙군여우굴6	5	0	16
005439	003174	숙군여우굴7	5	0	16
005440	003174	숙군여우굴8	5	0	16
005441	003174	숙군여우굴9	5	0	16
005442	003174	숙군여우굴10	5	0	16
005443	003174	숙군자호굴1	5	0	16
005444	003174	숙군자호굴2	5	0	16
005445	003174	숙군자호굴3	5	0	16
005446	003174	숙군자호굴4	5	0	16
005447	003174	숙군자호굴5	5	0	16
005448	003174	숙군자호굴6	5	0	16
005449	003174	숙군자호굴7	5	0	16
005450	003174	숙군자호굴8	5	0	16
005451	003174	숙군자호굴9	5	0	16
005452	003174	숙군자호굴10	5	0	16
005453	003174	숙군사마귀굴1	3	0	16
005454	003174	숙군사마귀굴2	3	0	16
005455	003174	숙군사마귀굴3	3	0	16
005456	003174	숙군사마귀굴4	3	0	16
005457	003174	숙군사마귀굴5	3	0	16
005458	003174	숙군사마귀굴6	3	0	16
005459	003174	숙군사마귀굴7	3	0	16
005460	003174	숙군해골굴1	4	0	16
005461	003174	숙군해골굴2	4	0	16
005462	003174	숙군해골굴3	4	0	16
005463	003174	숙군해골굴4	4	0	16
005464	003174	숙군해골굴5	4	0	16
005465	003174	숙군해골굴6	4	0	16
005466	003174	숙군해골굴7	4	0	16
005467	003174	숙군해골굴8	4	0	16
005468	003174	숙군해골굴9	4	0	16
005469	003174	숙군인형굴1	4	0	16
005470	003174	숙군인형굴2	4	0	16
005471	003174	숙군인형굴3	4	0	16
005472	003174	숙군인형굴4	4	0	16
005473	003174	숙군인형굴5	4	0	16
005474	003174	숙군인형굴6	4	0	16
005475	003174	숙군인형굴7	4	0	16
005476	003174	숙군인형굴8	4	0	16
005477	003174	숙군인형굴9	4	0	16
005478	003174	숙군백륜동1	4	0	16
005479	003174	숙군백륜동2	4	0	16
005480	003174	숙군백륜동3	4	0	16
005481	003174	숙군백륜동4	4	0	16
005482	003174	숙군백륜동5	4	0	16
005483	003174	숙군백륜동6	4	0	16
005484	003174	숙군백륜동7	4	0	16
005485	003174	숙군백륜동8	4	0	16
005486	003174	숙군백륜동9	4	0	16
005487	003174	숙군백륜동10	4	0	16
005488	003174	숙군비밀세작의집1	6	0	16
005489	003174	숙군비밀세작의집2	6	0	16
005490	003174	숙군비밀세작의집3	6	0	16
005491	003174	숙군비밀세작의집4	6	0	16
005492	003174	숙군비밀세작의집5	6	0	16
005493	003174	숙군비밀세작의집6	6	0	16
005494	003174	숙군비밀세작의집7	6	0	16
005495	003174	숙군비밀세작의집8	6	0	16
005496	003174	숙군비밀세작의집9	6	0	16
005497	003174	숙군성흉가1	7	0	16
005498	003174	숙군성흉가2	7	0	16
005499	003174	숙군성흉가3	7	0	16
005543	003173	선양곰굴5	5	0	16
005544	003173	선양곰굴6	5	0	16
005545	003173	선양사슴굴1	5	0	16
005546	003173	선양사슴굴2	5	0	16
005547	003173	선양사슴굴3	5	0	16
005548	003173	선양사슴굴4	5	0	16
005549	003173	선양사슴굴5	5	0	16
005550	003173	선양사슴굴6	5	0	16
005551	003173	선양사슴굴7	5	0	16
005552	003173	선양사슴굴8	5	0	16
005553	003173	선양사슴굴9	5	0	16
005554	003173	선양사슴굴10	5	0	16
005555	003173	선양돼지굴1	3	0	16
005556	003173	선양돼지굴2	3	0	16
005557	003173	선양돼지굴3	3	0	16
005558	003173	선양돼지굴4	3	0	16
005559	003173	선양돼지굴5	3	0	16
005560	003173	선양돼지굴6	3	0	16
005561	003173	선양돼지굴7	3	0	16
005562	003173	선양돼지굴8	3	0	16
005563	003173	선양돼지굴9	3	0	16
005564	003173	선양여우굴1	5	0	16
005565	003173	선양여우굴2	5	0	16
005566	003173	선양여우굴3	5	0	16
005567	003173	선양여우굴4	5	0	16
005568	003173	선양여우굴5	5	0	16
005569	003173	선양여우굴6	5	0	16
005570	003173	선양여우굴7	5	0	16
005571	003173	선양여우굴8	5	0	16
005572	003173	선양여우굴9	5	0	16
005573	003173	선양여우굴10	5	0	16
005574	003173	선양자호굴1	5	0	16
005575	003173	선양자호굴2	5	0	16
005576	003173	선양자호굴3	5	0	16
005577	003173	선양자호굴4	5	0	16
005578	003173	선양자호굴5	5	0	16
005579	003173	선양자호굴6	5	0	16
005580	003173	선양자호굴7	5	0	16
005581	003173	선양자호굴8	5	0	16
005582	003173	선양자호굴9	5	0	16
005583	003173	선양자호굴10	5	0	16
005584	003173	선양사마귀굴1	3	0	16
005585	003173	선양사마귀굴2	3	0	16
005586	003173	선양사마귀굴3	3	0	16
005587	003173	선양사마귀굴4	3	0	16
005588	003173	선양사마귀굴5	3	0	16
005589	003173	선양사마귀굴6	3	0	16
005590	003173	선양사마귀굴7	3	0	16
005591	003173	선양해골굴1	4	0	16
005592	003173	선양해골굴2	4	0	16
005593	003173	선양해골굴3	4	0	16
005594	003173	선양해골굴4	4	0	16
005595	003173	선양해골굴5	4	0	16
005596	003173	선양해골굴6	4	0	16
005597	003173	선양해골굴7	4	0	16
005598	003173	선양해골굴8	4	0	16
005599	003173	선양해골굴9	4	0	16
005600	003173	선양인형굴1	4	0	16
005601	003173	선양인형굴2	4	0	16
005602	003173	선양인형굴3	4	0	16
005603	003173	선양인형굴4	4	0	16
005604	003173	선양인형굴5	4	0	16
005605	003173	선양인형굴6	4	0	16
005606	003173	선양인형굴7	4	0	16
005607	003173	선양인형굴8	4	0	16
005608	003173	선양인형굴9	4	0	16
005609	003173	선양백륜동1	4	0	16
005610	003173	선양백륜동2	4	0	16
005611	003173	선양백륜동3	4	0	16
005612	003173	선양백륜동4	4	0	16
005613	003173	선양백륜동5	4	0	16
005614	003173	선양백륜동6	4	0	16
005615	003173	선양백륜동7	4	0	16
005616	003173	선양백륜동8	4	0	16
005617	003173	선양백륜동9	4	0	16
005618	003173	선양백륜동10	4	0	16
005619	003173	선양비밀세작의집1	6	0	16
005620	003173	선양비밀세작의집2	6	0	16
005621	003173	선양비밀세작의집3	6	0	16
005622	003173	선양비밀세작의집4	6	0	16
005623	003173	선양비밀세작의집5	6	0	16
005624	003173	선양비밀세작의집6	6	0	16
005625	003173	선양비밀세작의집7	6	0	16
005626	003173	선양비밀세작의집8	6	0	16
005627	003173	선양비밀세작의집9	6	0	16
005628	003173	선양성흉가1	7	0	16
005629	003173	선양성흉가2	7	0	16
005630	003173	선양성흉가3	7	0	16
005631	003173	선양성흉가4	7	0	16
005632	003173	선양성흉가5	7	0	16
005633	003173	선양성흉가6	7	0	16
005634	003173	선양성흉가7	7	0	16
005635	003173	선양성흉가8	7	0	16
005636	003173	선양성흉가9	7	0	16
005637	003173	선양흑해골굴1	1	0	16
005638	003173	선양흑해골굴2	1	0	16
005639	003173	선양흑해골굴3	1	0	16
005640	003173	선양흑해골굴4	1	0	16
005641	003173	선양흑해골굴5	1	0	16
005642	003173	선양흑해골굴6	1	0	16
005643	003173	선양흑해골굴7	1	0	16
005644	003173	선양흑해골굴8	1	0	16
005645	003173	선양흑해골굴9	1	0	16
005646	003173	선양초보사냥1	1	0	16
005647	003173	선양초보사냥2	1	0	16
005648	003173	선양초보사냥3	1	0	16
005649	003173	선양초보사냥4	1	0	16
005650	003173	선양초보사냥5	1	0	16
//집안사냥터
005651	003177	집안왕초보사냥1	1	0	16
005652	003177	집안왕초보사냥2	1	0	16
005653	003177	집안왕초보사냥3	1	0	16
005654	003177	집안왕초보사냥4	1	0	16
005655	003177	집안왕초보사냥5	1	0	16
005656	003177	집안쥐굴1	5	0	16
005657	003177	집안쥐굴2	5	0	16
005658	003177	집안쥐굴3	5	0	16
005659	003177	집안쥐굴4	5	0	16
005660	003177	집안쥐굴5	5	0	16
005661	003177	집안쥐굴6	5	0	16
005662	003177	집안뱀굴1	3	0	16
005663	003177	집안뱀굴2	3	0	16
005664	003177	집안뱀굴3	3	0	16
005665	003177	집안뱀굴4	3	0	16
005666	003177	집안뱀굴5	3	0	16
005667	003177	집안뱀굴6	3	0	16
005668	003177	집안뱀굴7	3	0	16
005669	003177	집안뱀굴8	3	0	16
005670	003177	집안곰굴1	5	0	16
005671	003177	집안곰굴2	5	0	16
005672	003177	집안곰굴3	5	0	16
005673	003177	집안곰굴4	5	0	16
005674	003177	집안곰굴5	5	0	16
005675	003177	집안곰굴6	5	0	16
005676	003177	집안사슴굴1	5	0	16
005677	003177	집안사슴굴2	5	0	16
005678	003177	집안사슴굴3	5	0	16
005679	003177	집안사슴굴4	5	0	16
005680	003177	집안사슴굴5	5	0	16
005681	003177	집안사슴굴6	5	0	16
005682	003177	집안사슴굴7	5	0	16
005683	003177	집안사슴굴8	5	0	16
005684	003177	집안사슴굴9	5	0	16
005685	003177	집안사슴굴10	5	0	16
005686	003177	집안돼지굴1	3	0	16
005687	003177	집안돼지굴2	3	0	16
005688	003177	집안돼지굴3	3	0	16
005689	003177	집안돼지굴4	3	0	16
005690	003177	집안돼지굴5	3	0	16
005691	003177	집안돼지굴6	3	0	16
005692	003177	집안돼지굴7	3	0	16
005693	003177	집안돼지굴8	3	0	16
005694	003177	집안돼지굴9	3	0	16
005695	003177	집안여우굴1	5	0	16
005696	003177	집안여우굴2	5	0	16
005697	003177	집안여우굴3	5	0	16
005698	003177	집안여우굴4	5	0	16
005699	003177	집안여우굴5	5	0	16
005700	003177	집안여우굴6	5	0	16
005701	003177	집안여우굴7	5	0	16
005702	003177	집안여우굴8	5	0	16
005703	003177	집안여우굴9	5	0	16
005704	003177	집안여우굴10	5	0	16
005705	003177	집안자호굴1	5	0	16
005706	003177	집안자호굴2	5	0	16
005707	003177	집안자호굴3	5	0	16
005708	003177	집안자호굴4	5	0	16
005709	003177	집안자호굴5	5	0	16
005710	003177	집안자호굴6	5	0	16
005711	003177	집안자호굴7	5	0	16
005712	003177	집안자호굴8	5	0	16
005713	003177	집안자호굴9	5	0	16
005714	003177	집안자호굴10	5	0	16
005715	003177	집안사마귀굴1	3	0	16
005716	003177	집안사마귀굴2	3	0	16
005717	003177	집안사마귀굴3	3	0	16
005718	003177	집안사마귀굴4	3	0	16
005719	003177	집안사마귀굴5	3	0	16
005720	003177	집안사마귀굴6	3	0	16
005721	003177	집안사마귀굴7	3	0	16
005722	003177	집안해골굴1	4	0	16
005723	003177	집안해골굴2	4	0	16
005724	003177	집안해골굴3	4	0	16
005725	003177	집안해골굴4	4	0	16
005726	003177	집안해골굴5	4	0	16
005727	003177	집안해골굴6	4	0	16
005728	003177	집안해골굴7	4	0	16
005729	003177	집안해골굴8	4	0	16
005730	003177	집안해골굴9	4	0	16
005731	003177	집안인형굴1	4	0	16
005732	003177	집안인형굴2	4	0	16
005733	003177	집안인형굴3	4	0	16
005734	003177	집안인형굴4	4	0	16
005735	003177	집안인형굴5	4	0	16
005736	003177	집안인형굴6	4	0	16
005737	003177	집안인형굴7	4	0	16
005738	003177	집안인형굴8	4	0	16
005739	003177	집안인형굴9	4	0	16
005740	003177	집안백륜동1	4	0	16
005741	003177	집안백륜동2	4	0	16
005742	003177	집안백륜동3	4	0	16
005743	003177	집안백륜동4	4	0	16
005744	003177	집안백륜동5	4	0	16
005745	003177	집안백륜동6	4	0	16
005746	003177	집안백륜동7	4	0	16
005747	003177	집안백륜동8	4	0	16
005748	003177	집안백륜동9	4	0	16
005749	003177	집안백륜동10	4	0	16
005750	003177	집안비밀세작의집1	6	0	16
005751	003177	집안비밀세작의집2	6	0	16
005752	003177	집안비밀세작의집3	6	0	16
005753	003177	집안비밀세작의집4	6	0	16
005754	003177	집안비밀세작의집5	6	0	16
005755	003177	집안비밀세작의집6	6	0	16
005756	003177	집안비밀세작의집7	6	0	16
005757	003177	집안비밀세작의집8	6	0	16
005758	003177	집안비밀세작의집9	6	0	16
005759	003177	집안성흉가1	7	0	16
005760	003177	집안성흉가2	7	0	16
005761	003177	집안성흉가3	7	0	16
005762	003177	집안성흉가4	7	0	16
005763	003177	집안성흉가5	7	0	16
005764	003177	집안성흉가6	7	0	16
005765	003177	집안성흉가7	7	0	16
005766	003177	집안성흉가8	7	0	16
005767	003177	집안성흉가9	7	0	16
005768	003177	집안흑해골굴1	1	0	16
005769	003177	집안흑해골굴2	1	0	16
005770	003177	집안흑해골굴3	1	0	16
005771	003177	집안흑해골굴4	1	0	16
005772	003177	집안흑해골굴5	1	0	16
005773	003177	집안흑해골굴6	1	0	16
005774	003177	집안흑해골굴7	1	0	16
005775	003177	집안흑해골굴8	1	0	16
005776	003177	집안흑해골굴9	1	0	16
005777	003177	집안초보사냥1	1	0	16
005778	003177	집안초보사냥2	1	0	16
005779	003177	집안초보사냥3	1	0	16
005780	003177	집안초보사냥4	1	0	16
005781	003177	집안초보사냥5	1	0	16
//산해사냥터
005782	003172	산해왕초보사냥1	1	0	16
005783	003172	산해왕초보사냥2	1	0	16
005784	003172	산해왕초보사냥3	1	0	16
005785	003172	산해왕초보사냥4	1	0	16
005786	003172	산해왕초보사냥5	1	0	16
005787	003172	산해쥐굴1	5	0	16
005788	003172	산해쥐굴2	5	0	16
005789	003172	산해쥐굴3	5	0	16
005790	003172	산해쥐굴4	5	0	16
005791	003172	산해쥐굴5	5	0	16
005792	003172	산해쥐굴6	5	0	16
005793	003172	산해뱀굴1	3	0	16
005794	003172	산해뱀굴2	3	0	16
005795	003172	산해뱀굴3	3	0	16
005796	003172	산해뱀굴4	3	0	16
005797	003172	산해뱀굴5	3	0	16
005798	003172	산해뱀굴6	3	0	16
005799	003172	산해뱀굴7	3	0	16
005800	003172	산해뱀굴8	3	0	16
005801	003172	산해곰굴1	5	0	16
005802	003172	산해곰굴2	5	0	16
005803	003172	산해곰굴3	5	0	16
005804	003172	산해곰굴4	5	0	16
005805	003172	산해곰굴5	5	0	16
005806	003172	산해곰굴6	5	0	16
005807	003172	산해사슴굴1	5	0	16
005808	003172	산해사슴굴2	5	0	16
005809	003172	산해사슴굴3	5	0	16
005810	003172	산해사슴굴4	5	0	16
005811	003172	산해사슴굴5	5	0	16
005812	003172	산해사슴굴6	5	0	16
005813	003172	산해사슴굴7	5	0	16
005814	003172	산해사슴굴8	5	0	16
005815	003172	산해사슴굴9	5	0	16
005816	003172	산해사슴굴10	5	0	16
005817	003172	산해돼지굴1	3	0	16
005818	003172	산해돼지굴2	3	0	16
005819	003172	산해돼지굴3	3	0	16
005820	003172	산해돼지굴4	3	0	16
005821	003172	산해돼지굴5	3	0	16
005822	003172	산해돼지굴6	3	0	16
005823	003172	산해돼지굴7	3	0	16
005824	003172	산해돼지굴8	3	0	16
005825	003172	산해돼지굴9	3	0	16
005826	003172	산해여우굴1	5	0	16
005827	003172	산해여우굴2	5	0	16
005828	003172	산해여우굴3	5	0	16
005829	003172	산해여우굴4	5	0	16
005830	003172	산해여우굴5	5	0	16
005831	003172	산해여우굴6	5	0	16
005832	003172	산해여우굴7	5	0	16
005833	003172	산해여우굴8	5	0	16
005834	003172	산해여우굴9	5	0	16
005835	003172	산해여우굴10	5	0	16
005836	003172	산해자호굴1	5	0	16
005837	003172	산해자호굴2	5	0	16
005838	003172	산해자호굴3	5	0	16
005839	003172	산해자호굴4	5	0	16
005840	003172	산해자호굴5	5	0	16
005841	003172	산해자호굴6	5	0	16
005842	003172	산해자호굴7	5	0	16
005843	003172	산해자호굴8	5	0	16
005844	003172	산해자호굴9	5	0	16
005845	003172	산해자호굴10	5	0	16
005846	003172	산해사마귀굴1	3	0	16
005847	003172	산해사마귀굴2	3	0	16
005848	003172	산해사마귀굴3	3	0	16
005849	003172	산해사마귀굴4	3	0	16
005850	003172	산해사마귀굴5	3	0	16
005851	003172	산해사마귀굴6	3	0	16
005852	003172	산해사마귀굴7	3	0	16
005853	003172	산해해골굴1	4	0	16
005854	003172	산해해골굴2	4	0	16
005855	003172	산해해골굴3	4	0	16
005856	003172	산해해골굴4	4	0	16
005857	003172	산해해골굴5	4	0	16
005858	003172	산해해골굴6	4	0	16
005859	003172	산해해골굴7	4	0	16
005860	003172	산해해골굴8	4	0	16
005861	003172	산해해골굴9	4	0	16
005862	003172	산해인형굴1	4	0	16
005863	003172	산해인형굴2	4	0	16
005864	003172	산해인형굴3	4	0	16
005865	003172	산해인형굴4	4	0	16
005866	003172	산해인형굴5	4	0	16
005867	003172	산해인형굴6	4	0	16
005868	003172	산해인형굴7	4	0	16
005869	003172	산해인형굴8	4	0	16
005870	003172	산해인형굴9	4	0	16
005871	003172	산해백륜동1	4	0	16
005872	003172	산해백륜동2	4	0	16
005873	003172	산해백륜동3	4	0	16
005874	003172	산해백륜동4	4	0	16
005875	003172	산해백륜동5	4	0	16
005876	003172	산해백륜동6	4	0	16
005877	003172	산해백륜동7	4	0	16
005878	003172	산해백륜동8	4	0	16
005879	003172	산해백륜동9	4	0	16
005880	003172	산해백륜동10	4	0	16
005881	003172	산해비밀세작의집1	6	0	16
005882	003172	산해비밀세작의집2	6	0	16
005883	003172	산해비밀세작의집3	6	0	16
005884	003172	산해비밀세작의집4	6	0	16
005885	003172	산해비밀세작의집5	6	0	16
005886	003172	산해비밀세작의집6	6	0	16
005887	003172	산해비밀세작의집7	6	0	16
005888	003172	산해비밀세작의집8	6	0	16
005889	003172	산해비밀세작의집9	6	0	16
005890	003172	산해관흉가1	7	0	16
005891	003172	산해관흉가2	7	0	16
005892	003172	산해관흉가3	7	0	16
005893	003172	산해관흉가4	7	0	16
005894	003172	산해관흉가5	7	0	16
005895	003172	산해관흉가6	7	0	16
005896	003172	산해관흉가7	7	0	16
005897	003172	산해관흉가8	7	0	16
005898	003172	산해관흉가9	7	0	16
005899	003172	산해흑해골굴1	1	0	16
005900	003172	산해흑해골굴2	1	0	16
005901	003172	산해흑해골굴3	1	0	16
005902	003172	산해흑해골굴4	1	0	16
005903	003172	산해흑해골굴5	1	0	16
005904	003172	산해흑해골굴6	1	0	16
005905	003172	산해흑해골굴7	1	0	16
005906	003172	산해흑해골굴8	1	0	16
005907	003172	산해흑해골굴9	1	0	16
005908	003172	산해초보사냥1	1	0	16
005909	003172	산해초보사냥2	1	0	16
005910	003172	산해초보사냥3	1	0	16
005911	003172	산해초보사냥4	1	0	16
005912	003172	산해초보사냥5	1	0	16
//신성사냥터
005913	003170	신성왕초보사냥1	1	0	16
005914	003170	신성왕초보사냥2	1	0	16
005915	003170	신성왕초보사냥3	1	0	16
005916	003170	신성왕초보사냥4	1	0	16
005917	003170	신성왕초보사냥5	1	0	16
005918	003170	신성쥐굴1	5	0	16
005919	003170	신성쥐굴2	5	0	16
005920	003170	신성쥐굴3	5	0	16
005921	003170	신성쥐굴4	5	0	16
005922	003170	신성쥐굴5	5	0	16
005923	003170	신성쥐굴6	5	0	16
005924	003170	신성뱀굴1	3	0	16
005925	003170	신성뱀굴2	3	0	16
005926	003170	신성뱀굴3	3	0	16
005927	003170	신성뱀굴4	3	0	16
005928	003170	신성뱀굴5	3	0	16
005929	003170	신성뱀굴6	3	0	16
005930	003170	신성뱀굴7	3	0	16
005931	003170	신성뱀굴8	3	0	16
005932	003170	신성곰굴1	5	0	16
005933	003170	신성곰굴2	5	0	16
005934	003170	신성곰굴3	5	0	16
005935	003170	신성곰굴4	5	0	16
005936	003170	신성곰굴5	5	0	16
005937	003170	신성곰굴6	5	0	16
005938	003170	신성사슴굴1	5	0	16
005939	003170	신성사슴굴2	5	0	16
005940	003170	신성사슴굴3	5	0	16
005941	003170	신성사슴굴4	5	0	16
005942	003170	신성사슴굴5	5	0	16
005943	003170	신성사슴굴6	5	0	16
005944	003170	신성사슴굴7	5	0	16
005945	003170	신성사슴굴8	5	0	16
005946	003170	신성사슴굴9	5	0	16
005947	003170	신성사슴굴10	5	0	16
005948	003170	신성돼지굴1	3	0	16
005949	003170	신성돼지굴2	3	0	16
005950	003170	신성돼지굴3	3	0	16
005951	003170	신성돼지굴4	3	0	16
005952	003170	신성돼지굴5	3	0	16
005953	003170	신성돼지굴6	3	0	16
005954	003170	신성돼지굴7	3	0	16
005955	003170	신성돼지굴8	3	0	16
005956	003170	신성돼지굴9	3	0	16
005957	003170	신성여우굴1	5	0	16
005958	003170	신성여우굴2	5	0	16
005959	003170	신성여우굴3	5	0	16
005960	003170	신성여우굴4	5	0	16
005961	003170	신성여우굴5	5	0	16
005962	003170	신성여우굴6	5	0	16
005963	003170	신성여우굴7	5	0	16
005964	003170	신성여우굴8	5	0	16
005965	003170	신성여우굴9	5	0	16
005966	003170	신성여우굴10	5	0	16
005967	003170	신성자호굴1	5	0	16
005968	003170	신성자호굴2	5	0	16
005969	003170	신성자호굴3	5	0	16
005970	003170	신성자호굴4	5	0	16
005971	003170	신성자호굴5	5	0	16
005972	003170	신성자호굴6	5	0	16
005973	003170	신성자호굴7	5	0	16
005974	003170	신성자호굴8	5	0	16
005975	003170	신성자호굴9	5	0	16
005976	003170	신성자호굴10	5	0	16
005977	003170	신성사마귀굴1	3	0	16
005978	003170	신성사마귀굴2	3	0	16
005979	003170	신성사마귀굴3	3	0	16
005980	003170	신성사마귀굴4	3	0	16
005981	003170	신성사마귀굴5	3	0	16
005982	003170	신성사마귀굴6	3	0	16
005983	003170	신성사마귀굴7	3	0	16
005984	003170	신성해골굴1	4	0	16
005985	003170	신성해골굴2	4	0	16
005986	003170	신성해골굴3	4	0	16
005987	003170	신성해골굴4	4	0	16
005988	003170	신성해골굴5	4	0	16
005989	003170	신성해골굴6	4	0	16
005990	003170	신성해골굴7	4	0	16
005991	003170	신성해골굴8	4	0	16
005992	003170	신성해골굴9	4	0	16
005993	003170	신성인형굴1	4	0	16
005994	003170	신성인형굴2	4	0	16
005995	003170	신성인형굴3	4	0	16
005996	003170	신성인형굴4	4	0	16
005997	003170	신성인형굴5	4	0	16
005998	003170	신성인형굴6	4	0	16
005999	003170	신성인형굴7	4	0	16
006000	003170	신성인형굴8	4	0	16
006001	003170	신성인형굴9	4	0	16
006002	003170	신성백륜동1	4	0	16
006003	003170	신성백륜동2	4	0	16
006004	003170	신성백륜동3	4	0	16
006005	003170	신성백륜동4	4	0	16
006006	003170	신성백륜동5	4	0	16
006007	003170	신성백륜동6	4	0	16
006008	003170	신성백륜동7	4	0	16
006009	003170	신성백륜동8	4	0	16
006010	003170	신성백륜동9	4	0	16
006011	003170	신성백륜동10	4	0	16
006012	003170	신성비밀세작의집1	6	0	16
006013	003170	신성비밀세작의집2	6	0	16
006014	003170	신성비밀세작의집3	6	0	16
006015	003170	신성비밀세작의집4	6	0	16
006016	003170	신성비밀세작의집5	6	0	16
006017	003170	신성비밀세작의집6	6	0	16
006018	003170	신성비밀세작의집7	6	0	16
006019	003170	신성비밀세작의집8	6	0	16
006020	003170	신성비밀세작의집9	6	0	16
006021	003170	신성흉가1	7	0	16
006022	003170	신성흉가2	7	0	16
006023	003170	신성흉가3	7	0	16
006024	003170	신성흉가4	7	0	16
006025	003170	신성흉가5	7	0	16
006026	003170	신성흉가6	7	0	16
006027	003170	신성흉가7	7	0	16
006028	003170	신성흉가8	7	0	16
006029	003170	신성흉가9	7	0	16
006030	003170	신성흑해골굴1	1	0	16
006031	003170	신성흑해골굴2	1	0	16
006032	003170	신성흑해골굴3	1	0	16
006033	003170	신성흑해골굴4	1	0	16
006034	003170	신성흑해골굴5	1	0	16
006035	003170	신성흑해골굴6	1	0	16
006036	003170	신성흑해골굴7	1	0	16
006037	003170	신성흑해골굴8	1	0	16
006038	003170	신성흑해골굴9	1	0	16
006039	003170	신성초보사냥1	1	0	16
006040	003170	신성초보사냥2	1	0	16
006041	003170	신성초보사냥3	1	0	16
006042	003170	신성초보사냥4	1	0	16
006043	003170	신성초보사냥5	1	0	16
//용성사냥터
006044	003175	용성왕초보사냥1	1	0	16
006045	003175	용성왕초보사냥2	1	0	16
006046	003175	용성왕초보사냥3	1	0	16
006047	003175	용성왕초보사냥4	1	0	16
006048	003175	용성왕초보사냥5	1	0	16
006049	003175	용성쥐굴1	5	0	16
006050	003175	용성쥐굴2	5	0	16
006051	003175	용성쥐굴3	5	0	16
006052	003175	용성쥐굴4	5	0	16
006053	003175	용성쥐굴5	5	0	16
006054	003175	용성쥐굴6	5	0	16
006055	003175	용성뱀굴1	3	0	16
006056	003175	용성뱀굴2	3	0	16
006057	003175	용성뱀굴3	3	0	16
006058	003175	용성뱀굴4	3	0	16
006059	003175	용성뱀굴5	3	0	16
006060	003175	용성뱀굴6	3	0	16
006061	003175	용성뱀굴7	3	0	16
006062	003175	용성뱀굴8	3	0	16
006063	003175	용성곰굴1	5	0	16
006064	003175	용성곰굴2	5	0	16
006065	003175	용성곰굴3	5	0	16
006066	003175	용성곰굴4	5	0	16
006067	003175	용성곰굴5	5	0	16
006068	003175	용성곰굴6	5	0	16
006069	003175	용성사슴굴1	5	0	16
006070	003175	용성사슴굴2	5	0	16
006071	003175	용성사슴굴3	5	0	16
006072	003175	용성사슴굴4	5	0	16
006073	003175	용성사슴굴5	5	0	16
006074	003175	용성사슴굴6	5	0	16
006075	003175	용성사슴굴7	5	0	16
006076	003175	용성사슴굴8	5	0	16
006077	003175	용성사슴굴9	5	0	16
006078	003175	용성사슴굴10	5	0	16
006079	003175	용성돼지굴1	3	0	16
006080	003175	용성돼지굴2	3	0	16
006081	003175	용성돼지굴3	3	0	16
006082	003175	용성돼지굴4	3	0	16
006083	003175	용성돼지굴5	3	0	16
006084	003175	용성돼지굴6	3	0	16
006085	003175	용성돼지굴7	3	0	16
006086	003175	용성돼지굴8	3	0	16
006087	003175	용성돼지굴9	3	0	16
006088	003175	용성여우굴1	5	0	16
006089	003175	용성여우굴2	5	0	16
006090	003175	용성여우굴3	5	0	16
006091	003175	용성여우굴4	5	0	16
006092	003175	용성여우굴5	5	0	16
006093	003175	용성여우굴6	5	0	16
006094	003175	용성여우굴7	5	0	16
006095	003175	용성여우굴8	5	0	16
006096	003175	용성여우굴9	5	0	16
006097	003175	용성여우굴10	5	0	16
006098	003175	용성자호굴1	5	0	16
006099	003175	용성자호굴2	5	0	16
006100	003175	용성자호굴3	5	0	16
006101	003175	용성자호굴4	5	0	16
006102	003175	용성자호굴5	5	0	16
006103	003175	용성자호굴6	5	0	16
006104	003175	용성자호굴7	5	0	16
006105	003175	용성자호굴8	5	0	16
006106	003175	용성자호굴9	5	0	16
006107	003175	용성자호굴10	5	0	16
006108	003175	용성사마귀굴1	3	0	16
006109	003175	용성사마귀굴2	3	0	16
006110	003175	용성사마귀굴3	3	0	16
006111	003175	용성사마귀굴4	3	0	16
006112	003175	용성사마귀굴5	3	0	16
006113	003175	용성사마귀굴6	3	0	16
006114	003175	용성사마귀굴7	3	0	16
006115	003175	용성해골굴1	4	0	16
006116	003175	용성해골굴2	4	0	16
006117	003175	용성해골굴3	4	0	16
006118	003175	용성해골굴4	4	0	16
006119	003175	용성해골굴5	4	0	16
006120	003175	용성해골굴6	4	0	16
006121	003175	용성해골굴7	4	0	16
006122	003175	용성해골굴8	4	0	16
006123	003175	용성해골굴9	4	0	16
006124	003175	용성인형굴1	4	0	16
006125	003175	용성인형굴2	4	0	16
006126	003175	용성인형굴3	4	0	16
006127	003175	용성인형굴4	4	0	16
006128	003175	용성인형굴5	4	0	16
006129	003175	용성인형굴6	4	0	16
006130	003175	용성인형굴7	4	0	16
006131	003175	용성인형굴8	4	0	16
006132	003175	용성인형굴9	4	0	16
006133	003175	용성백륜동1	4	0	16
006134	003175	용성백륜동2	4	0	16
006135	003175	용성백륜동3	4	0	16
006136	003175	용성백륜동4	4	0	16
006137	003175	용성백륜동5	4	0	16
006138	003175	용성백륜동6	4	0	16
006139	003175	용성백륜동7	4	0	16
006140	003175	용성백륜동8	4	0	16
006141	003175	용성백륜동9	4	0	16
006142	003175	용성백륜동10	4	0	16
006143	003175	용성비밀세작의집1	6	0	16
006144	003175	용성비밀세작의집2	6	0	16
006145	003175	용성비밀세작의집3	6	0	16
006146	003175	용성비밀세작의집4	6	0	16
006147	003175	용성비밀세작의집5	6	0	16
006148	003175	용성비밀세작의집6	6	0	16
006149	003175	용성비밀세작의집7	6	0	16
006150	003175	용성비밀세작의집8	6	0	16
006151	003175	용성비밀세작의집9	6	0	16
006152	003175	용성흉가1	7	0	16
006153	003175	용성흉가2	7	0	16
006154	003175	용성흉가3	7	0	16
006155	003175	용성흉가4	7	0	16
006156	003175	용성흉가5	7	0	16
006157	003175	용성흉가6	7	0	16
006158	003175	용성흉가7	7	0	16
006159	003175	용성흉가8	7	0	16
006160	003175	용성흉가9	7	0	16
006161	003175	용성흑해골굴1	1	0	16
006162	003175	용성흑해골굴2	1	0	16
006163	003175	용성흑해골굴3	1	0	16
006164	003175	용성흑해골굴4	1	0	16
006165	003175	용성흑해골굴5	1	0	16
006166	003175	용성흑해골굴6	1	0	16
006167	003175	용성흑해골굴7	1	0	16
006168	003175	용성흑해골굴8	1	0	16
006169	003175	용성흑해골굴9	1	0	16
006170	003175	용성초보사냥1	1	0	16
006171	003175	용성초보사냥2	1	0	16
006172	003175	용성초보사냥3	1	0	16
006173	003175	용성초보사냥4	1	0	16
006174	003175	용성초보사냥5	1	0	16
//후연사냥터
006175	003179	후연왕초보사냥1	1	0	16
006176	003179	후연왕초보사냥2	1	0	16
006177	003179	후연왕초보사냥3	1	0	16
006178	003179	후연왕초보사냥4	1	0	16
006179	003179	후연왕초보사냥5	1	0	16
006180	003179	후연쥐굴1	5	0	16
006181	003179	후연쥐굴2	5	0	16
006182	003179	후연쥐굴3	5	0	16
006183	003179	후연쥐굴4	5	0	16
006184	003179	후연쥐굴5	5	0	16
006185	003179	후연쥐굴6	5	0	16
006186	003179	후연뱀굴1	3	0	16
006187	003179	후연뱀굴2	3	0	16
006188	003179	후연뱀굴3	3	0	16
006189	003179	후연뱀굴4	3	0	16
006190	003179	후연뱀굴5	3	0	16
006191	003179	후연뱀굴6	3	0	16
006192	003179	후연뱀굴7	3	0	16
006193	003179	후연뱀굴8	3	0	16
006194	003179	후연곰굴1	5	0	16
006195	003179	후연곰굴2	5	0	16
006196	003179	후연곰굴3	5	0	16
006197	003179	후연곰굴4	5	0	16
006198	003179	후연곰굴5	5	0	16
006199	003179	후연곰굴6	5	0	16
006200	003179	후연사슴굴1	5	0	16
006201	003179	후연사슴굴2	5	0	16
006202	003179	후연사슴굴3	5	0	16
006203	003179	후연사슴굴4	5	0	16
006204	003179	후연사슴굴5	5	0	16
006205	003179	후연사슴굴6	5	0	16
006206	003179	후연사슴굴7	5	0	16
006207	003179	후연사슴굴8	5	0	16
006208	003179	후연사슴굴9	5	0	16
006209	003179	후연사슴굴10	5	0	16
006210	003179	후연돼지굴1	3	0	16
006211	003179	후연돼지굴2	3	0	16
006212	003179	후연돼지굴3	3	0	16
006213	003179	후연돼지굴4	3	0	16
006214	003179	후연돼지굴5	3	0	16
006215	003179	후연돼지굴6	3	0	16
006216	003179	후연돼지굴7	3	0	16
006217	003179	후연돼지굴8	3	0	16
006218	003179	후연돼지굴9	3	0	16
006219	003179	후연여우굴1	5	0	16
006220	003179	후연여우굴2	5	0	16
006221	003179	후연여우굴3	5	0	16
006222	003179	후연여우굴4	5	0	16
006223	003179	후연여우굴5	5	0	16
006224	003179	후연여우굴6	5	0	16
006225	003179	후연여우굴7	5	0	16
006226	003179	후연여우굴8	5	0	16
006227	003179	후연여우굴9	5	0	16
006228	003179	후연여우굴10	5	0	16
006229	003179	후연자호굴1	5	0	16
006230	003179	후연자호굴2	5	0	16
006231	003179	후연자호굴3	5	0	16
006232	003179	후연자호굴4	5	0	16
006233	003179	후연자호굴5	5	0	16
006234	003179	후연자호굴6	5	0	16
006235	003179	후연자호굴7	5	0	16
006236	003179	후연자호굴8	5	0	16
006237	003179	후연자호굴9	5	0	16
006238	003179	후연자호굴10	5	0	16
006239	003179	후연사마귀굴1	3	0	16
006240	003179	후연사마귀굴2	3	0	16
006241	003179	후연사마귀굴3	3	0	16
006242	003179	후연사마귀굴4	3	0	16
006243	003179	후연사마귀굴5	3	0	16
006244	003179	후연사마귀굴6	3	0	16
006245	003179	후연사마귀굴7	3	0	16
006246	003179	후연해골굴1	4	0	16
006247	003179	후연해골굴2	4	0	16
006248	003179	후연해골굴3	4	0	16
006249	003179	후연해골굴4	4	0	16
006250	003179	후연해골굴5	4	0	16
006251	003179	후연해골굴6	4	0	16
006252	003179	후연해골굴7	4	0	16
006253	003179	후연해골굴8	4	0	16
006254	003179	후연해골굴9	4	0	16
006255	003179	후연인형굴1	4	0	16
006256	003179	후연인형굴2	4	0	16
006257	003179	후연인형굴3	4	0	16
006258	003179	후연인형굴4	4	0	16
006259	003179	후연인형굴5	4	0	16
006260	003179	후연인형굴6	4	0	16
006261	003179	후연인형굴7	4	0	16
006262	003179	후연인형굴8	4	0	16
006263	003179	후연인형굴9	4	0	16
006264	003179	후연백륜동1	4	0	16
006265	003179	후연백륜동2	4	0	16
006266	003179	후연백륜동3	4	0	16
006267	003179	후연백륜동4	4	0	16
006268	003179	후연백륜동5	4	0	16
006269	003179	후연백륜동6	4	0	16
006270	003179	후연백륜동7	4	0	16
006271	003179	후연백륜동8	4	0	16
006272	003179	후연백륜동9	4	0	16
006273	003179	후연백륜동10	4	0	16
006274	003179	후연비밀세작의집1	6	0	16
006275	003179	후연비밀세작의집2	6	0	16
006276	003179	후연비밀세작의집3	6	0	16
006277	003179	후연비밀세작의집4	6	0	16
006278	003179	후연비밀세작의집5	6	0	16
006279	003179	후연비밀세작의집6	6	0	16
006280	003179	후연비밀세작의집7	6	0	16
006281	003179	후연비밀세작의집8	6	0	16
006282	003179	후연비밀세작의집9	6	0	16
006283	003179	후연흉가1	7	0	16
006284	003179	후연흉가2	7	0	16
006285	003179	후연흉가3	7	0	16
006286	003179	후연흉가4	7	0	16
006287	003179	후연흉가5	7	0	16
006288	003179	후연흉가6	7	0	16
006289	003179	후연흉가7	7	0	16
006290	003179	후연흉가8	7	0	16
006291	003179	후연흉가9	7	0	16
006292	003179	후연흑해골굴1	1	0	16
006293	003179	후연흑해골굴2	1	0	16
006294	003179	후연흑해골굴3	1	0	16
006295	003179	후연흑해골굴4	1	0	16
006296	003179	후연흑해골굴5	1	0	16
006297	003179	후연흑해골굴6	1	0	16
006298	003179	후연흑해골굴7	1	0	16
006299	003179	후연흑해골굴8	1	0	16
006300	003179	후연흑해골굴9	1	0	16
006301	003179	후연초보사냥1	1	0	16
006302	003179	후연초보사냥2	1	0	16
006303	003179	후연초보사냥3	1	0	16
006304	003179	후연초보사냥4	1	0	16
006305	003179	후연초보사냥5	1	0	16
//개주사냥터
006306	003171	개주왕초보사냥1	1	0	16
006307	003171	개주왕초보사냥2	1	0	16
006308	003171	개주왕초보사냥3	1	0	16
006309	003171	개주왕초보사냥4	1	0	16
006310	003171	개주왕초보사냥5	1	0	16
006311	003171	개주쥐굴1	5	0	16
006312	003171	개주쥐굴2	5	0	16
006313	003171	개주쥐굴3	5	0	16
006314	003171	개주쥐굴4	5	0	16
006315	003171	개주쥐굴5	5	0	16
006316	003171	개주쥐굴6	5	0	16
006317	003171	개주뱀굴1	3	0	16
006318	003171	개주뱀굴2	3	0	16
006319	003171	개주뱀굴3	3	0	16
006320	003171	개주뱀굴4	3	0	16
006321	003171	개주뱀굴5	3	0	16
006322	003171	개주뱀굴6	3	0	16
006323	003171	개주뱀굴7	3	0	16
006324	003171	개주뱀굴8	3	0	16
006325	003171	개주곰굴1	5	0	16
006326	003171	개주곰굴2	5	0	16
006327	003171	개주곰굴3	5	0	16
006328	003171	개주곰굴4	5	0	16
006329	003171	개주곰굴5	5	0	16
006330	003171	개주곰굴6	5	0	16
006331	003171	개주사슴굴1	5	0	16
006332	003171	개주사슴굴2	5	0	16
006333	003171	개주사슴굴3	5	0	16
006334	003171	개주사슴굴4	5	0	16
006335	003171	개주사슴굴5	5	0	16
006336	003171	개주사슴굴6	5	0	16
006337	003171	개주사슴굴7	5	0	16
006338	003171	개주사슴굴8	5	0	16
006339	003171	개주사슴굴9	5	0	16
006340	003171	개주사슴굴10	5	0	16
006341	003171	개주돼지굴1	3	0	16
006342	003171	개주돼지굴2	3	0	16
006343	003171	개주돼지굴3	3	0	16
006344	003171	개주돼지굴4	3	0	16
006345	003171	개주돼지굴5	3	0	16
006346	003171	개주돼지굴6	3	0	16
006347	003171	개주돼지굴7	3	0	16
006348	003171	개주돼지굴8	3	0	16
006349	003171	개주돼지굴9	3	0	16
006350	003171	개주여우굴1	5	0	16
006351	003171	개주여우굴2	5	0	16
006352	003171	개주여우굴3	5	0	16
006353	003171	개주여우굴4	5	0	16
006354	003171	개주여우굴5	5	0	16
006355	003171	개주여우굴6	5	0	16
006356	003171	개주여우굴7	5	0	16
006357	003171	개주여우굴8	5	0	16
006358	003171	개주여우굴9	5	0	16
006359	003171	개주여우굴10	5	0	16
006360	003171	개주자호굴1	5	0	16
006361	003171	개주자호굴2	5	0	16
006362	003171	개주자호굴3	5	0	16
006363	003171	개주자호굴4	5	0	16
006364	003171	개주자호굴5	5	0	16
006365	003171	개주자호굴6	5	0	16
006366	003171	개주자호굴7	5	0	16
006367	003171	개주자호굴8	5	0	16
006368	003171	개주자호굴9	5	0	16
006369	003171	개주자호굴10	5	0	16
006370	003171	개주사마귀굴1	3	0	16
006371	003171	개주사마귀굴2	3	0	16
006372	003171	개주사마귀굴3	3	0	16
006373	003171	개주사마귀굴4	3	0	16
006374	003171	개주사마귀굴5	3	0	16
006375	003171	개주사마귀굴6	3	0	16
006376	003171	개주사마귀굴7	3	0	16
006377	003171	개주해골굴1	4	0	16
006378	003171	개주해골굴2	4	0	16
006379	003171	개주해골굴3	4	0	16
006380	003171	개주해골굴4	4	0	16
006381	003171	개주해골굴5	4	0	16
006382	003171	개주해골굴6	4	0	16
006383	003171	개주해골굴7	4	0	16
006384	003171	개주해골굴8	4	0	16
006385	003171	개주해골굴9	4	0	16
006386	003171	개주인형굴1	4	0	16
006387	003171	개주인형굴2	4	0	16
006388	003171	개주인형굴3	4	0	16
006389	003171	개주인형굴4	4	0	16
006390	003171	개주인형굴5	4	0	16
006391	003171	개주인형굴6	4	0	16
006392	003171	개주인형굴7	4	0	16
006393	003171	개주인형굴8	4	0	16
006394	003171	개주인형굴9	4	0	16
006395	003171	개주백륜동1	4	0	16
006396	003171	개주백륜동2	4	0	16
006397	003171	개주백륜동3	4	0	16
006398	003171	개주백륜동4	4	0	16
006399	003171	개주백륜동5	4	0	16
006400	003171	개주백륜동6	4	0	16
006401	003171	개주백륜동7	4	0	16
006402	003171	개주백륜동8	4	0	16
006403	003171	개주백륜동9	4	0	16
006404	003171	개주백륜동10	4	0	16
006405	003171	개주비밀세작의집1	6	0	16
006406	003171	개주비밀세작의집2	6	0	16
006407	003171	개주비밀세작의집3	6	0	16
006408	003171	개주비밀세작의집4	6	0	16
006409	003171	개주비밀세작의집5	6	0	16
006410	003171	개주비밀세작의집6	6	0	16
006411	003171	개주비밀세작의집7	6	0	16
006412	003171	개주비밀세작의집8	6	0	16
006413	003171	개주비밀세작의집9	6	0	16
006414	003171	개주흉가1	7	0	16
006415	003171	개주흉가2	7	0	16
006416	003171	개주흉가3	7	0	16
006417	003171	개주흉가4	7	0	16
006418	003171	개주흉가5	7	0	16
006419	003171	개주흉가6	7	0	16
006420	003171	개주흉가7	7	0	16
006421	003171	개주흉가8	7	0	16
006422	003171	개주흉가9	7	0	16
006423	003171	개주흑해골굴1	1	0	16
006424	003171	개주흑해골굴2	1	0	16
006425	003171	개주흑해골굴3	1	0	16
006426	003171	개주흑해골굴4	1	0	16
006427	003171	개주흑해골굴5	1	0	16
006428	003171	개주흑해골굴6	1	0	16
006429	003171	개주흑해골굴7	1	0	16
006430	003171	개주흑해골굴8	1	0	16
006431	003171	개주흑해골굴9	1	0	16
006432	003171	개주초보사냥1	1	0	16
006433	003171	개주초보사냥2	1	0	16
006434	003171	개주초보사냥3	1	0	16
006435	003171	개주초보사냥4	1	0	16
006436	003171	개주초보사냥5	1	0	16
//평양건물 좌성황 우성황 주막 대장간 푸줏간
008000	003178	평양전사의길	2	0	9
008001	003178	평양태백	2	0	9
008002	003178	평양술사의길	2	0	9
008003	003178	평양해두	2	0	9
008004	003178	평양감옥	1	0	8
008005	003178	평양좌성황	2	0	9
008006	003178	평양우성황	2	0	9
008007	003178	평양무한장	2	0	9
008008	003178	평양부무한장	159	0	96
008009	003178	평양중앙무한장	2	0	96
008010	003178	평양문파대결장	2	0	96
008011	003178	평양무한준비실	2	0	9
008012	003178	평양소무한장	159	0	96
008013	003178	평양도적의길	1	0	9
008014	003178	평양마로	1	0	9
008015	003178	평양대장간	1	0	9
008016	003178	평양왈숙네	1	0	0
008017	003178	평양왈숙언니네	1	0	0
008018	003178	평양왈숙이모네	1	0	0
008019	003178	평양예식장	2	0	9
008020	003178	평양도사의길	1	0	9
008021	003178	평양진선	2	0	9
008022	003178	평양포목상	1	0	9
008023	003178	평양갑옷점	2	0	9
008024	003178	평양푸줏간	1	0	9
008025	003178	평양영혼사	2	0	9
008026	003178	평양소극장	2	0	9
//졸본건물
008027	003176	졸본전사의길	2	0	9
008028	003176	졸본태백	2	0	9
008029	003176	졸본술사의길	2	0	9
008030	003176	졸본해두	2	0	9
008031	003176	졸본감옥	1	0	8
008032	003176	졸본좌성황	2	0	9
008033	003176	졸본우성황	2	0	9
008034	003176	졸본무한장	2	0	9
008035	003176	졸본부무한장	159	0	96
008036	003176	졸본중앙무한장	2	0	96
008037	003176	졸본문파대결장	2	0	96
008038	003176	졸본무한준비실	2	0	9
008039	003176	졸본소무한장	159	0	96
008040	003176	졸본도적의길	1	0	9
008041	003176	졸본마로	1	0	9
008042	003176	졸본대장간	1	0	9
008043	003176	졸본왈숙네	1	0	0
008044	003176	졸본왈숙언니네	1	0	0
008045	003176	졸본왈숙이모네	1	0	0
008046	003176	졸본예식장	2	0	9
008047	003176	졸본도사의길	1	0	9
008048	003176	졸본진선	2	0	9
008049	003176	졸본포목상	1	0	9
008050	003176	졸본갑옷점	2	0	9
008051	003176	졸본푸줏간	1	0	9
008052	003176	졸본영혼사	2	0	9
008053	003176	졸본소극장	2	0	9
//숙군건물
008054	003174	숙군전사의길	2	0	9
008055	003174	숙군태백	2	0	9
008056	003174	숙군술사의길	2	0	9
008057	003174	숙군해두	2	0	9
008058	003174	숙군감옥	1	0	8
008059	003174	숙군좌성황	2	0	9
008060	003174	숙군우성황	2	0	9
008061	003174	숙군무한장	2	0	9
008062	003174	숙군부무한장	159	0	96
008063	003174	숙군중앙무한장	2	0	96
008064	003174	숙군문파대결장	2	0	96
008065	003174	숙군무한준비실	2	0	9
008066	003174	숙군소무한장	159	0	96
008067	003174	숙군도적의길	1	0	9
008068	003174	숙군마로	1	0	9
008069	003174	숙군대장간	1	0	9
008070	003174	숙군왈숙네	1	0	0
008071	003174	숙군왈숙언니네	1	0	0
008072	003174	숙군왈숙이모네	1	0	0
008073	003174	숙군예식장	2	0	9
008074	003174	숙군도사의길	1	0	9
008075	003174	숙군진선	2	0	9
008076	003174	숙군포목상	1	0	9
008077	003174	숙군갑옷점	2	0	9
008078	003174	숙군푸줏간	1	0	9
008079	003174	숙군영혼사	2	0	9
008080	003174	숙군소극장	2	0	9
//선양건물
008081	003173	선양전사의길	2	0	9
008082	003173	선양태백	2	0	9
008083	003173	선양술사의길	2	0	9
008084	003173	선양해두	2	0	9
008085	003173	선양감옥	1	0	8
008086	003173	선양좌성황	2	0	9
008087	003173	선양우성황	2	0	9
008088	003173	선양무한장	2	0	9
008089	003173	선양부무한장	159	0	96
008090	003173	선양중앙무한장	2	0	96
008091	003173	선양문파대결장	2	0	96
008092	003173	선양무한준비실	2	0	9
008093	003173	선양소무한장	159	0	96
008094	003173	선양도적의길	1	0	9
008095	003173	선양마로	1	0	9
008096	003173	선양대장간	1	0	9
008097	003173	선양왈숙네	1	0	0
008098	003173	선양왈숙언니네	1	0	0
008099	003173	선양왈숙이모네	1	0	0
008100	003173	선양예식장	2	0	9
008101	003173	선양도사의길	1	0	9
008102	003173	선양진선	2	0	9
008103	003173	선양포목상	1	0	9
008104	003173	선양갑옷점	2	0	9
008105	003173	선양푸줏간	1	0	9
008106	003173	선양영혼사	2	0	9
008107	003173	선양소극장	2	0	9
//집안건물
008108	003177	집안전사의길	2	0	9
008109	003177	집안태백	2	0	9
008110	003177	집안술사의길	2	0	9
008111	003177	집안해두	2	0	9
008112	003177	집안감옥	1	0	8
008113	003177	집안좌성황	2	0	9
008114	003177	집안우성황	2	0	9
008115	003177	집안무한장	2	0	9
008116	003177	집안부무한장	159	0	96
008117	003177	집안중앙무한장	2	0	96
008118	003177	집안문파대결장	2	0	96
008119	003177	집안무한준비실	2	0	9
008120	003177	집안소무한장	159	0	96
008121	003177	집안도적의길	1	0	9
008122	003177	집안마로	1	0	9
008123	003177	집안대장간	1	0	9
008124	003177	집안왈숙네	1	0	0
008125	003177	집안왈숙언니네	1	0	0
008126	003177	집안왈숙이모네	1	0	0
008127	003177	집안예식장	2	0	9
008128	003177	집안도사의길	1	0	9
008129	003177	집안진선	2	0	9
008130	003177	집안포목상	1	0	9
008131	003177	집안갑옷점	2	0	9
008132	003177	집안푸줏간	1	0	9
008133	003177	집안영혼사	2	0	9
008134	003177	집안소극장	2	0	9
//산해관
008135	003172	산해관전사의길	2	0	9
008136	003172	산해관태백	2	0	9
008137	003172	산해관술사의길	2	0	9
008138	003172	산해관해두	2	0	9
008139	003172	산해관감옥	1	0	8
008140	003172	산해관좌성황	2	0	9
008141	003172	산해관우성황	2	0	9
008142	003172	산해관무한장	2	0	9
008143	003172	산해관부무한장	159	0	96
008144	003172	산해관중앙무한장	2	0	96
008145	003172	산해관문파대결장	2	0	96
008146	003172	산해관무한준비실	2	0	9
008147	003172	산해관소무한장	159	0	96
008148	003172	산해관도적의길	1	0	9
008149	003172	산해관마로	1	0	9
008150	003172	산해관대장간	1	0	9
008151	003172	산해관왈숙네	1	0	0
008152	003172	산해관왈숙언니네	1	0	0
008153	003172	산해관왈숙이모네	1	0	0
008154	003172	산해관예식장	2	0	9
008155	003172	산해관도사의길	1	0	9
008156	003172	산해관진선	2	0	9
008157	003172	산해관포목상	1	0	9
008158	003172	산해관갑옷점	2	0	9
008159	003172	산해관푸줏간	1	0	9
008160	003172	산해관영혼사	2	0	9
008161	003172	산해관소극장	2	0	9
//신성건물
008162	003170	신성전사의길	2	0	9
008163	003170	신성태백	2	0	9
008164	003170	신성술사의길	2	0	9
008165	003170	신성해두	2	0	9
008166	003170	신성감옥	1	0	8
008167	003170	신성좌성황	2	0	9
008168	003170	신성우성황	2	0	9
008169	003170	신성무한장	2	0	9
008170	003170	신성부무한장	159	0	96
008171	003170	신성중앙무한장	2	0	96
008172	003170	신성문파대결장	2	0	96
008173	003170	신성무한준비실	2	0	9
008174	003170	신성소무한장	159	0	96
008175	003170	신성도적의길	1	0	9
008176	003170	신성마로	1	0	9
008177	003170	신성대장간	1	0	9
008178	003170	신성왈숙네	1	0	0
008179	003170	신성왈숙언니네	1	0	0
008180	003170	신성왈숙이모네	1	0	0
008181	003170	신성예식장	2	0	9
008182	003170	신성도사의길	1	0	9
008183	003170	신성진선	2	0	9
008184	003170	신성포목상	1	0	9
008185	003170	신성갑옷점	2	0	9
008186	003170	신성푸줏간	1	0	9
008187	003170	신성영혼사	2	0	9
008188	003170	신성소극장	2	0	9
//용성건물
008189	003175	용성전사의길	2	0	9
008190	003175	용성태백	2	0	9
008191	003175	용성술사의길	2	0	9
008192	003175	용성해두	2	0	9
008193	003175	용성감옥	1	0	8
008194	003175	용성좌성황	2	0	9
008195	003175	용성우성황	2	0	9
008196	003175	용성무한장	2	0	9
008197	003175	용성부무한장	159	0	96
008198	003175	용성중앙무한장	2	0	96
008199	003175	용성문파대결장	2	0	96
008200	003175	용성무한준비실	2	0	9
008201	003175	용성소무한장	159	0	96
008202	003175	용성도적의길	1	0	9
008203	003175	용성마로	1	0	9
008204	003175	용성대장간	1	0	9
008205	003175	용성왈숙네	1	0	0
008206	003175	용성왈숙언니네	1	0	0
008207	003175	용성왈숙이모네	1	0	0
008208	003175	용성예식장	2	0	9
008209	003175	용성도사의길	1	0	9
008210	003175	용성진선	2	0	9
008211	003175	용성포목상	1	0	9
008212	003175	용성갑옷점	2	0	9
008213	003175	용성푸줏간	1	0	9
008214	003175	용성영혼사	2	0	9
008215	003175	용성소극장	2	0	9
//후연건물
008216	003179	후연전사의길	2	0	9
008217	003179	후연태백	2	0	9
008218	003179	후연술사의길	2	0	9
008219	003179	후연해두	2	0	9
008220	003179	후연감옥	1	0	8
008221	003179	후연좌성황	2	0	9
008222	003179	후연우성황	2	0	9
008223	003179	후연무한장	2	0	9
008224	003179	후연부무한장	159	0	96
008225	003179	후연중앙무한장	2	0	96
008226	003179	후연문파대결장	2	0	96
008227	003179	후연무한준비실	2	0	9
008228	003179	후연소무한장	159	0	96
008229	003179	후연도적의길	1	0	9
008230	003179	후연마로	1	0	9
008231	003179	후연대장간	1	0	9
008232	003179	후연왈숙네	1	0	0
008233	003179	후연왈숙언니네	1	0	0
008234	003179	후연왈숙이모네	1	0	0
008235	003179	후연예식장	2	0	9
008236	003179	후연도사의길	1	0	9
008237	003179	후연진선	2	0	9
008238	003179	후연포목상	1	0	9
008239	003179	후연갑옷점	2	0	9
008240	003179	후연푸줏간	1	0	9
008241	003179	후연영혼사	2	0	9
008242	003179	후연소극장	2	0	9
//개주건물
008243	003171	개주전사의길	2	0	9
008244	003171	개주태백	2	0	9
008245	003171	개주술사의길	2	0	9
008246	003171	개주해두	2	0	9
008247	003171	개주감옥	1	0	8
008248	003171	개주좌성황	2	0	9
008249	003171	개주우성황	2	0	9
008250	003171	개주무한장	2	0	9
008251	003171	개주부무한장	159	0	96
008252	003171	개주중앙무한장	2	0	96
008253	003171	개주문파대결장	2	0	96
008254	003171	개주무한준비실	2	0	9
008255	003171	개주소무한장	159	0	96
008256	003171	개주도적의길	1	0	9
008257	003171	개주마로	1	0	9
008258	003171	개주대장간	1	0	9
008259	003171	개주왈숙네	1	0	0
008260	003171	개주왈숙언니네	1	0	0
008261	003171	개주왈숙이모네	1	0	0
008262	003171	개주예식장	2	0	9
008263	003171	개주도사의길	1	0	9
008264	003171	개주진선	2	0	9
008265	003171	개주포목상	1	0	9
008266	003171	개주갑옷점	2	0	9
008267	003171	개주푸줏간	1	0	9
008268	003171	개주영혼사	2	0	9
008269	003171	개주소극장	2	0	9
//동부여사냥터관련
010000	002263	동부여유령굴1	3	0	16
010001	002263	동부여유령굴2	3	0	16
010002	002263	동부여유령굴3	3	0	16
010003	002263	동부여유령굴4	3	0	16
010004	002263	동부여유령굴5	3	0	16
010005	002263	동부여유령굴6	3	0	16
010006	002263	동부여유령굴7	3	0	16
010007	002263	동부여유령굴8	3	0	16
010008	002263	동부여유령굴9	3	0	16
010009	002263	동부여흑령굴1	1	0	16
010010	002263	동부여흑령굴2	1	0	16
010011	002263	동부여흑령굴3	1	0	16
010012	002263	동부여흑령굴4	1	0	16
010013	002263	동부여흑령굴5	1	0	16
010014	002263	동부여흑령굴6	1	0	16
010015	002263	동부여흑령굴7	1	0	16
010016	002263	동부여흑령굴8	1	0	16
010017	002263	동부여흑령굴9	1	0	16
010018	002263	동부여초보사냥1	2	0	16
010019	002263	동부여초보사냥2	2	0	16
010020	002263	동부여초보사냥3	2	0	16
010021	002263	동부여초보사냥4	2	0	16
010022	002263	동부여초보사냥5	2	0	16
010023	002263	동부여사슴굴1	5	0	16
010024	002263	동부여사슴굴2	5	0	16
010025	002263	동부여사슴굴3	5	0	16
010026	002263	동부여사슴굴4	5	0	16
010027	002263	동부여사슴굴5	5	0	16
010028	002263	동부여사슴굴6	5	0	16
010029	002263	동부여사슴굴7	5	0	16
010030	002263	동부여사슴굴8	5	0	16
010031	002263	동부여사슴굴9	5	0	16
010032	002263	동부여사슴굴10	5	0	16
010033	002263	동부여돼지굴1	3	0	16
010034	002263	동부여돼지굴2	3	0	16
010035	002263	동부여돼지굴3	3	0	16
010036	002263	동부여돼지굴4	3	0	16
010037	002263	동부여돼지굴5	3	0	16
010038	002263	동부여돼지굴6	3	0	16
010039	002263	동부여돼지굴7	3	0	16
010040	002263	동부여돼지굴8	3	0	16
010041	002263	동부여돼지굴9	3	0	16
010042	002263	동부여전갈굴1	4	0	16
010043	002263	동부여전갈굴2	4	0	16
010044	002263	동부여전갈굴3	4	0	16
010045	002263	동부여전갈굴4	4	0	16
010046	002263	동부여전갈굴5	4	0	16
010047	002263	동부여전갈굴6	4	0	16
010048	002263	동부여전갈굴7	4	0	16
010049	002263	동부여전갈굴8	4	0	16
010050	002263	동부여전갈굴9	4	0	16
010051	002263	동부여전갈굴10	4	0	16
010052	002263	동부여쥐굴1	5	0	16
010053	002263	동부여쥐굴2	5	0	16
010054	002263	동부여쥐굴3	5	0	16
010055	002263	동부여쥐굴4	5	0	16
010056	002263	동부여쥐굴5	5	0	16
010057	002263	동부여쥐굴6	5	0	16
010058	002263	동부여뱀굴1	3	0	16
010059	002263	동부여뱀굴2	3	0	16
010060	002263	동부여뱀굴3	3	0	16
010061	002263	동부여뱀굴4	3	0	16
010062	002263	동부여뱀굴5	3	0	16
010063	002263	동부여뱀굴6	3	0	16
010064	002263	동부여뱀굴7	3	0	16
010065	002263	동부여뱀굴8	3	0	16
010066	002263	동부여왕초보사냥1	2	0	16
010067	002263	동부여왕초보사냥2	2	0	16
010068	002263	동부여왕초보사냥3	2	0	16
010069	002263	동부여왕초보사냥4	2	0	16
010070	002263	동부여왕초보사냥5	2	0	16
010071	002263	동부여물망동1	4	0	16
010072	002263	동부여물망동2	4	0	16
010073	002263	동부여물망동3	4	0	16
010074	002263	동부여물망동4	4	0	16
010075	002263	동부여물망동5	4	0	16
010076	002263	동부여물망동6	4	0	16
010077	002263	동부여물망동7	4	0	16
010078	002263	동부여흉가1	7	0	16
010079	002263	동부여흉가2	7	0	16
010080	002263	동부여흉가3	7	0	16
010081	002263	동부여흉가4	7	0	16
010082	002263	동부여흉가5	7	0	16
010083	002263	동부여흉가6	7	0	16
010084	002263	동부여흉가7	7	0	16
010085	002263	동부여흉가8	7	0	16
010086	002263	동부여흉가9	7	0	16
010087	002263	동부여자호굴1	5	0	16
010088	002263	동부여자호굴2	5	0	16
010089	002263	동부여자호굴3	5	0	16
010090	002263	동부여자호굴4	5	0	16
010091	002263	동부여자호굴5	5	0	16
010092	002263	동부여자호굴6	5	0	16
010093	002263	동부여자호굴7	5	0	16
010094	002263	동부여자호굴8	5	0	16
010095	002263	동부여자호굴9	5	0	16
010096	002263	동부여자호굴10	5	0	16
010097	002263	동부여곰굴1	5	0	16
010098	002263	동부여곰굴2	5	0	16
010099	002263	동부여곰굴3	5	0	16
010100	002263	동부여곰굴4	5	0	16
010101	002263	동부여곰굴5	5	0	16
010102	002263	동부여곰굴6	5	0	16
010103	002263	동부여여우굴1	5	0	16
010104	002263	동부여여우굴2	5	0	16
010105	002263	동부여여우굴3	5	0	16
010106	002263	동부여여우굴4	5	0	16
010107	002263	동부여여우굴5	5	0	16
010108	002263	동부여여우굴6	5	0	16
010109	002263	동부여여우굴7	5	0	16
010110	002263	동부여여우굴8	5	0	16
010111	002263	동부여여우굴9	5	0	16
010112	002263	동부여여우굴10	5	0	16
010113	002263	동부여인형굴1	4	0	16
010114	002263	동부여인형굴2	4	0	16
010115	002263	동부여인형굴3	4	0	16
010116	002263	동부여인형굴4	4	0	16
010117	002263	동부여인형굴5	4	0	16
010118	002263	동부여인형굴6	4	0	16
010119	002263	동부여인형굴7	4	0	16
010120	002263	동부여인형굴8	4	0	16
010121	002263	동부여인형굴9	4	0	16
010122	002263	동부여비밀세작의집1	105	0	16
010123	002263	동부여비밀세작의집2	105	0	16
010124	002263	동부여비밀세작의집3	105	0	16
010125	002263	동부여비밀세작의집4	105	0	16
010126	002263	동부여비밀세작의집5	105	0	16
010127	002263	동부여비밀세작의집6	105	0	16
010128	002263	동부여비밀세작의집7	105	0	16
010129	002263	동부여비밀세작의집8	105	0	16
010130	002263	동부여비밀세작의집9	105	0	16
//송원사냥터관련
010131	003199	송원유령굴1	3	0	16
010132	003199	송원유령굴2	3	0	16
010133	003199	송원유령굴3	3	0	16
010134	003199	송원유령굴4	3	0	16
010135	003199	송원유령굴5	3	0	16
010136	003199	송원유령굴6	3	0	16
010137	003199	송원유령굴7	3	0	16
010138	003199	송원유령굴8	3	0	16
010139	003199	송원유령굴9	3	0	16
010140	003199	송원흑령굴1	1	0	16
010141	003199	송원흑령굴2	1	0	16
010142	003199	송원흑령굴3	1	0	16
010143	003199	송원흑령굴4	1	0	16
010144	003199	송원흑령굴5	1	0	16
010145	003199	송원흑령굴6	1	0	16
010146	003199	송원흑령굴7	1	0	16
010147	003199	송원흑령굴8	1	0	16
010148	003199	송원흑령굴9	1	0	16
010149	003199	송원초보사냥1	2	0	16
010150	003199	송원초보사냥2	2	0	16
010151	003199	송원초보사냥3	2	0	16
010152	003199	송원초보사냥4	2	0	16
010153	003199	송원초보사냥5	2	0	16
010154	003199	송원사슴굴1	5	0	16
010155	003199	송원사슴굴2	5	0	16
010156	003199	송원사슴굴3	5	0	16
010157	003199	송원사슴굴4	5	0	16
010158	003199	송원사슴굴5	5	0	16
010159	003199	송원사슴굴6	5	0	16
010160	003199	송원사슴굴7	5	0	16
010161	003199	송원사슴굴8	5	0	16
010162	003199	송원사슴굴9	5	0	16
010163	003199	송원사슴굴10	5	0	16
010164	003199	송원돼지굴1	3	0	16
010165	003199	송원돼지굴2	3	0	16
010166	003199	송원돼지굴3	3	0	16
010167	003199	송원돼지굴4	3	0	16
010168	003199	송원돼지굴5	3	0	16
010169	003199	송원돼지굴6	3	0	16
010170	003199	송원돼지굴7	3	0	16
010171	003199	송원돼지굴8	3	0	16
010172	003199	송원돼지굴9	3	0	16
010173	003199	송원전갈굴1	4	0	16
010174	003199	송원전갈굴2	4	0	16
010175	003199	송원전갈굴3	4	0	16
010176	003199	송원전갈굴4	4	0	16
010177	003199	송원전갈굴5	4	0	16
010178	003199	송원전갈굴6	4	0	16
010179	003199	송원전갈굴7	4	0	16
010180	003199	송원전갈굴8	4	0	16
010181	003199	송원전갈굴9	4	0	16
010182	003199	송원전갈굴10	4	0	16
010183	003199	송원쥐굴1	5	0	16
010184	003199	송원쥐굴2	5	0	16
010185	003199	송원쥐굴3	5	0	16
010186	003199	송원쥐굴4	5	0	16
010187	003199	송원쥐굴5	5	0	16
010188	003199	송원쥐굴6	5	0	16
010189	003199	송원뱀굴1	3	0	16
010190	003199	송원뱀굴2	3	0	16
010191	003199	송원뱀굴3	3	0	16
010192	003199	송원뱀굴4	3	0	16
010193	003199	송원뱀굴5	3	0	16
010194	003199	송원뱀굴6	3	0	16
010195	003199	송원뱀굴7	3	0	16
010196	003199	송원뱀굴8	3	0	16
010197	003199	송원왕초보사냥1	2	0	16
010198	003199	송원왕초보사냥2	2	0	16
010199	003199	송원왕초보사냥3	2	0	16
010200	003199	송원왕초보사냥4	2	0	16
010201	003199	송원왕초보사냥5	2	0	16
010202	003199	송원물망동1	4	0	16
010203	003199	송원물망동2	4	0	16
010204	003199	송원물망동3	4	0	16
010205	003199	송원물망동4	4	0	16
010206	003199	송원물망동5	4	0	16
010207	003199	송원물망동6	4	0	16
010208	003199	송원물망동7	4	0	16
010209	003199	송원흉가1	7	0	16
010210	003199	송원흉가2	7	0	16
010211	003199	송원흉가3	7	0	16
010212	003199	송원흉가4	7	0	16
010213	003199	송원흉가5	7	0	16
010214	003199	송원흉가6	7	0	16
010215	003199	송원흉가7	7	0	16
010216	003199	송원흉가8	7	0	16
010217	003199	송원흉가9	7	0	16
010218	003199	송원자호굴1	5	0	16
010219	003199	송원자호굴2	5	0	16
010220	003199	송원자호굴3	5	0	16
010221	003199	송원자호굴4	5	0	16
010222	003199	송원자호굴5	5	0	16
010223	003199	송원자호굴6	5	0	16
010224	003199	송원자호굴7	5	0	16
010225	003199	송원자호굴8	5	0	16
010226	003199	송원자호굴9	5	0	16
010227	003199	송원자호굴10	5	0	16
010228	003199	송원곰굴1	5	0	16
010229	003199	송원곰굴2	5	0	16
010230	003199	송원곰굴3	5	0	16
010231	003199	송원곰굴4	5	0	16
010232	003199	송원곰굴5	5	0	16
010233	003199	송원곰굴6	5	0	16
010234	003199	송원여우굴1	5	0	16
010235	003199	송원여우굴2	5	0	16
010236	003199	송원여우굴3	5	0	16
010237	003199	송원여우굴4	5	0	16
010238	003199	송원여우굴5	5	0	16
010239	003199	송원여우굴6	5	0	16
010240	003199	송원여우굴7	5	0	16
010241	003199	송원여우굴8	5	0	16
010242	003199	송원여우굴9	5	0	16
010243	003199	송원여우굴10	5	0	16
010244	003199	송원인형굴1	4	0	16
010245	003199	송원인형굴2	4	0	16
010246	003199	송원인형굴3	4	0	16
010247	003199	송원인형굴4	4	0	16
010248	003199	송원인형굴5	4	0	16
010249	003199	송원인형굴6	4	0	16
010250	003199	송원인형굴7	4	0	16
010251	003199	송원인형굴8	4	0	16
010252	003199	송원인형굴9	4	0	16
010253	003199	송원비밀세작의집1	105	0	16
010254	003199	송원비밀세작의집2	105	0	16
010255	003199	송원비밀세작의집3	105	0	16
010256	003199	송원비밀세작의집4	105	0	16
010257	003199	송원비밀세작의집5	105	0	16
010258	003199	송원비밀세작의집6	105	0	16
010259	003199	송원비밀세작의집7	105	0	16
010260	003199	송원비밀세작의집8	105	0	16
010261	003199	송원비밀세작의집9	105	0	16
//고구려문파대리인
010262	003178	고구려문파광장	1	0	0
010263	003178	문파대리인의집	1	0	0
//주경원의집
010264	010264	주경원의집	143	0	0
//부여
025000	003200	　장훈초보사냥1	2	0	16
025001	003200	　장훈초보사냥2	2	0	16
025002	003200	　장훈초보사냥3	2	0	16
025003	003200	　장훈초보사냥4	2	0	16
025004	003200	　장훈초보사냥5	2	0	16
025005	003201	　읍루왕초보사냥1	2	0	16
025006	003201	　읍루왕초보사냥2	2	0	16
025007	003201	　읍루왕초보사냥3	2	0	16
025008	003201	　읍루왕초보사냥4	2	0	16
025009	003201	　읍루왕초보사냥5	2	0	16
025010	003202	　만번한왕초보사냥1	2	0	16
025011	003202	　만번한왕초보사냥2	2	0	16
025012	003202	　만번한왕초보사냥3	2	0	16
025013	003202	　만번한왕초보사냥4	2	0	16
025014	003202	　만번한왕초보사냥5	2	0	16
025015	003203	　천안궁왕초보사냥1	2	0	16
025016	003203	　천안궁왕초보사냥2	2	0	16
025017	003203	　천안궁왕초보사냥3	2	0	16
025018	003203	　천안궁왕초보사냥4	2	0	16
025019	003203	　천안궁왕초보사냥5	2	0	16
025020	003204	　상곡왕초보사냥1	2	0	16
025021	003204	　상곡왕초보사냥2	2	0	16
025022	003204	　상곡왕초보사냥3	2	0	16
025023	003204	　상곡왕초보사냥4	2	0	16
025024	003204	　상곡왕초보사냥5	2	0	16
025025	003205	　어양초보사냥1	2	0	16
025026	003205	　어양초보사냥2	2	0	16
025027	003205	　어양초보사냥3	2	0	16
025028	003205	　어양초보사냥4	2	0	16
025029	003205	　어양초보사냥5	2	0	16
025030	003206	　관령초보사냥1	2	0	16
025031	003206	　관령초보사냥2	2	0	16
025032	003206	　관령초보사냥3	2	0	16
025033	003206	　관령초보사냥4	2	0	16
025034	003206	　관령초보사냥5	2	0	16
025035	003207	　범안초보사냥1	2	0	16
025036	003207	　범안초보사냥2	2	0	16
025037	003207	　범안초보사냥3	2	0	16
025038	003207	　범안초보사냥4	2	0	16
025039	003207	　범안초보사냥5	2	0	16
//고구려
025040	003178	　평양초보사냥1	1	0	16
025041	003178	　평양초보사냥2	1	0	16
025042	003178	　평양초보사냥3	1	0	16
025043	003178	　평양초보사냥4	1	0	16
025044	003178	　평양초보사냥5	1	0	16
025045	003176	　졸본초보사냥1	1	0	16
025046	003176	　졸본초보사냥2	1	0	16
025047	003176	　졸본초보사냥3	1	0	16
025048	003176	　졸본초보사냥4	1	0	16
025049	003176	　졸본초보사냥5	1	0	16
025050	003174	　숙군초보사냥1	1	0	16
025051	003174	　숙군초보사냥2	1	0	16
025052	003174	　숙군초보사냥3	1	0	16
025053	003174	　숙군초보사냥4	1	0	16
025054	003174	　숙군초보사냥5	1	0	16
025055	003173	　선양초보사냥1	1	0	16
025056	003173	　선양초보사냥2	1	0	16
025057	003173	　선양초보사냥3	1	0	16
025058	003173	　선양초보사냥4	1	0	16
025059	003173	　선양초보사냥5	1	0	16
025060	003177	　집안초보사냥1	1	0	16
025061	003177	　집안초보사냥2	1	0	16
025062	003177	　집안초보사냥3	1	0	16
025063	003177	　집안초보사냥4	1	0	16
025064	003177	　집안초보사냥5	1	0	16
025065	003172	　산해초보사냥1	1	0	16
025066	003172	　산해초보사냥2	1	0	16
025067	003172	　산해초보사냥3	1	0	16
025068	003172	　산해초보사냥4	1	0	16
025069	003172	　산해초보사냥5	1	0	16
025070	003170	　신성초보사냥1	1	0	16
025071	003170	　신성초보사냥2	1	0	16
025072	003170	　신성초보사냥3	1	0	16
025073	003170	　신성초보사냥4	1	0	16
025074	003170	　신성초보사냥5	1	0	16
025075	003175	　용성초보사냥1	1	0	16
025076	003175	　용성초보사냥2	1	0	16
025077	003175	　용성초보사냥3	1	0	16
025078	003175	　용성초보사냥4	1	0	16
025079	003175	　용성초보사냥5	1	0	16
025080	003179	　후연초보사냥1	1	0	16
025081	003179	　후연초보사냥2	1	0	16
025082	003179	　후연초보사냥3	1	0	16
025083	003179	　후연초보사냥4	1	0	16
025084	003179	　후연초보사냥5	1	0	16
025085	003171	　개주초보사냥1	1	0	16
025086	003171	　개주초보사냥2	1	0	16
025087	003171	　개주초보사냥3	1	0	16
025088	003171	　개주초보사냥4	1	0	16
025089	003171	　개주초보사냥5	1	0	16
//송원동부여
025090	003199	　송원초보사냥1	2	0	16
025091	003199	　송원초보사냥2	2	0	16
025092	003199	　송원초보사냥3	2	0	16
025093	003199	　송원초보사냥4	2	0	16
025094	003199	　송원초보사냥5	2	0	16
025095	002263	　동부여초보사냥1	2	0	16
025096	002263	　동부여초보사냥2	2	0	16
025097	002263	　동부여초보사냥3	2	0	16
025098	002263	　동부여초보사냥4	2	0	16
025099	002263	　동부여초보사냥5	2	0	16
//남북대전
053385	053385	　남북무한대전	2	0	16
053386	053386	　동서무한대전	2	0	16
//백두촌
053153	000014	백두촌관문	7	0	16
053331	053331	백두촌	114	0	80
053341	053331	백두봉초입	114	0	16
053332	053331	백두봉1굴	114	0	16
053333	053331	백두봉2굴	114	0	16
053334	053331	백두봉3굴	114	0	16
053335	053331	백두봉4굴	114	0	16
053336	053331	백두봉5굴	114	0	16
053337	053331	백두봉6굴	114	0	16
053338	053331	백두봉7굴	114	0	16
053339	053331	백두봉8굴	114	0	16
053340	053331	백두봉9굴	114	0	16
053342	053331	백두폭포	114	0	16
053387	053331	백두주막	114	0	16
//뉴산적굴
053388	053388	비밀산적소굴1	114	0	16
053389	053388	비밀산적소굴2	114	0	16
053390	053388	비밀산적소굴3	114	0	16
053391	053388	비밀산적소굴4	114	0	16
053392	053388	비밀산적소굴5	114	0	16
053393	053388	비밀산적소굴6	114	0	16
053394	053388	비밀산적소굴7	114	0	16
053395	053388	비밀산적소굴8	114	0	16
053396	053388	비밀산적소굴9	114	0	16
053397	053388	비밀산적소굴10	114	0	16
//비밀산적소굴추가
053125	000622	산적비밀소굴11	114	0	16
053126	000622	산적비밀소굴12	114	0	16
053127	000622	산적비밀소굴13	114	0	16
053128	000622	산적비밀소굴14	114	0	16
053129	000622	산적비밀소굴15	114	0	16
053130	000622	산적비밀소굴16	114	0	16
//설원
053215	053215	설원입구	114	0	16
053216	053215	설원1굴	114	0	16
053217	053215	설원2굴	114	0	16
053218	053215	설원3굴	114	0	16
053219	053215	설원4굴	114	0	16
053220	053215	설원5굴	114	0	16
053221	053215	설원6굴	114	0	16
053222	053215	설원7굴	114	0	16
053223	053215	설원8굴	114	0	16
053224	053215	설원9굴	114	0	16
053225	053215	설원10굴	114	0	16
//설원2지
060001	053215	설원1굴(2)	114	0	16
060002	053215	설원2굴(2)	114	0	16
060003	053215	설원3굴(2)	114	0	16
060004	053215	설원4굴(2)	114	0	16
060005	053215	설원5굴(2)	114	0	16
060006	053215	설원6굴(2)	114	0	16
060007	053215	설원7굴(2)	114	0	16
060008	053215	설원8굴(2)	114	0	16
060009	053215	설원9굴(2)	114	0	16
060010	053215	설원10굴(2)	114	0	16
//설원3지
060011	053215	설원1굴(3)	114	0	16
060012	053215	설원2굴(3)	114	0	16
060013	053215	설원3굴(3)	114	0	16
060014	053215	설원4굴(3)	114	0	16
060015	053215	설원5굴(3)	114	0	16
060016	053215	설원6굴(3)	114	0	16
060017	053215	설원7굴(3)	114	0	16
060018	053215	설원8굴(3)	114	0	16
060019	053215	설원9굴(3)	114	0	16
060020	053215	설원10굴(3)	114	0	16
//설원4지
060021	053215	설원1굴(4)	114	0	16
060022	053215	설원2굴(4)	114	0	16
060023	053215	설원3굴(4)	114	0	16
060024	053215	설원4굴(4)	114	0	16
060025	053215	설원5굴(4)	114	0	16
060026	053215	설원6굴(4)	114	0	16
060027	053215	설원7굴(4)	114	0	16
060028	053215	설원8굴(4)	114	0	16
060029	053215	설원9굴(4)	114	0	16
060030	053215	설원10굴(4)	114	0	16
//설원5지
060031	053215	설원1굴(5)	114	0	16
060032	053215	설원2굴(5)	114	0	16
060033	053215	설원3굴(5)	114	0	16
060034	053215	설원4굴(5)	114	0	16
060035	053215	설원5굴(5)	114	0	16
060036	053215	설원6굴(5)	114	0	16
060037	053215	설원7굴(5)	114	0	16
060038	053215	설원8굴(5)	114	0	16
060039	053215	설원9굴(5)	114	0	16
060040	053215	설원10굴(5)	114	0	16
//망천후
053398	053331	망천후1굴	114	0	16
053399	053331	망천후2굴	114	0	16
053400	053331	망천후3굴	114	0	16
053401	053331	망천후4굴	114	0	16
053402	053331	망천후5굴	114	0	16
053403	053331	망천후6굴	114	0	16
053404	053331	망천후7굴	114	0	16
053405	053331	망천후8굴	114	0	16
053406	053331	망천후9굴	114	0	16
053407	053331	망천후10굴	114	0	16
//위례성
053408	053408	위례성	114	0	80
053131	053131	신수신전	123	0	81
053132	053132	냉혹한전장	123	0	81
//신수신전
053214	053131	청룡신수의방	114	0	16
053229	053131	주작신수의방	114	0	16
053304	053131	현무신수의방	114	0	16
053179	053131	백호신수의방	114	0	16
//둔귀
053154	053154	둔귀촌	114	0	80
//귀문동
053133	053154	귀문혈동대기	114	0	16
053134	053154	귀문혈동1	114	0	16
053135	053154	귀문혈동2	114	0	16
053136	053154	귀문혈동3	114	0	16
053137	053154	귀문혈동4	114	0	16
053138	053154	귀문혈동5	114	0	16
053139	053154	귀문혈동6	114	0	16
053140	053154	귀문혈동7	114	0	16
053141	053154	귀문혈동8	114	0	16
053142	053154	귀문혈동9	114	0	16
053143	053154	귀문혈동진채	114	0	16
//둔귀촌2지
053155	053154	귀문혈동2(1)	114	0	16
053156	053154	귀문혈동2(2)	114	0	16
053157	053154	귀문혈동2(3)	114	0	16
053158	053154	귀문혈동2(4)	114	0	16
053159	053154	귀문혈동2(5)	114	0	16
053160	053154	귀문혈동2(6)	114	0	16
053161	053154	귀문혈동2(7)	114	0	16
053162	053154	귀문혈동2(8)	114	0	16
053163	053154	귀문혈동2(9)	114	0	16
053164	053154	귀문혈동2(진채)	114	0	16
//둔귀3지
053165	053154	귀문혈동3(1)	114	0	16
053166	053154	귀문혈동3(2)	114	0	16
053167	053154	귀문혈동3(3)	114	0	16
053168	053154	귀문혈동3(4)	114	0	16
053169	053154	귀문혈동3(5)	114	0	16
053170	053154	귀문혈동3(6)	114	0	16
053171	053154	귀문혈동3(7)	114	0	16
053172	053154	귀문혈동3(8)	114	0	16
053173	053154	귀문혈동3(9)	114	0	16
053174	053154	귀문혈동3(진채)	114	0	16
//귀문혈마동
053343	053154	귀문혈마동대기	114	0	16
053344	053154	귀문혈마동1	114	0	16
053345	053154	귀문혈마동2	114	0	16
053346	053154	귀문혈마동3	114	0	16
053347	053154	귀문혈마동4	114	0	16
053348	053154	귀문혈마동5	114	0	16
053349	053154	귀문혈마동6	114	0	16
053350	053154	귀문혈마동7	114	0	16
053351	053154	귀문혈마동8	114	0	16
053352	053154	귀문혈마동9	114	0	16
053353	053154	귀문혈마동진채	114	0	16
//귀문혈마동2지
053354	053154	귀문혈마동1(2)	114	0	16
053355	053154	귀문혈마동2(2)	114	0	16
053356	053154	귀문혈마동3(2)	114	0	16
053357	053154	귀문혈마동4(2)	114	0	16
053358	053154	귀문혈마동5(2)	114	0	16
053359	053154	귀문혈마동6(2)	114	0	16
053360	053154	귀문혈마동7(2)	114	0	16
053361	053154	귀문혈마동8(2)	114	0	16
053362	053154	귀문혈마동9(2)	114	0	16
053363	053154	귀문혈마동진채(2)	114	0	16
//귀문혈마동3지
053364	053154	귀문혈마동1(3)	114	0	16
053365	053154	귀문혈마동2(3)	114	0	16
053366	053154	귀문혈마동3(3)	114	0	16
053367	053154	귀문혈마동4(3)	114	0	16
053368	053154	귀문혈마동5(3)	114	0	16
053369	053154	귀문혈마동6(3)	114	0	16
053370	053154	귀문혈마동7(3)	114	0	16
053371	053154	귀문혈마동8(3)	114	0	16
053372	053154	귀문혈마동9(3)	114	0	16
053373	053154	귀문혈마동진채(3)	114	0	16
//위례흉가
053409	053408	위례흉가1	7	0	16
053410	053408	위례흉가2	7	0	16
053411	053408	위례흉가3	7	0	16
053412	053408	위례흉가4	7	0	16
053413	053408	위례흉가5	7	0	16
053414	053408	위례흉가6	7	0	16
053415	053408	위례흉가7	7	0	16
053416	053408	위례흉가8	7	0	16
053417	053408	위례흉가9	7	0	16
//아지트
//053230	053300	아지트	114	0	16
053418	053418	대초원	114	0	16
//팔요동굴
053419	053331	팔요동굴(월)	114	0	16
053420	053331	팔요동굴(화)	114	0	16
053421	053331	팔요동굴(수)	114	0	16
053422	053331	팔요동굴(목)	114	0	16
053423	053331	팔요동굴(금)	114	0	16
053424	053331	팔요동굴(토)	114	0	16
053425	053331	팔요동굴(일)	114	0	16
//생존이벤트
053426	053426	생존이벤트장	2	0	8
//흉선연합
053469	53408	흉노선비연합2	151	0	16
053470	53408	흉노선비연합3	151	0	16
053471	53408	흉노선비연합4	151	0	16
053472	53408	흉노선비연합5	151	0	16
053473	53408	흉노선비연합6	151	0	16
053474	53408	흉노선비연합7	151	0	16
053475	53408	흉노선비연합8	151	0	16
053476	53408	흉노선비연합9	151	0	16
053477	53408	흉노선비연합10	151	0	16
053478	53408	흉노선비연합11	151	0	16
053479	53408	흉노선비연합12	151	0	16
053480	53408	흉노선비연합13	151	0	16
053481	53408	흉노선비연합14	151	0	16
053482	53408	흉노선비연합15	151	0	16
053483	53408	흉노선비연합16	151	0	16
053484	53408	흉노선비연합17	151	0	16
053485	53408	흉노선비연합18	151	0	16
053486	53408	흉노선비연합19	151	0	16
053487	53408	흉노선비연합20	151	0	16
//흉선연합2지
053569	53408	흉노선비연합2(2)	151	0	16
053570	53408	흉노선비연합3(2)	151	0	16
053571	53408	흉노선비연합4(2)	151	0	16
053572	53408	흉노선비연합5(2)	151	0	16
053573	53408	흉노선비연합6(2)	151	0	16
053574	53408	흉노선비연합7(2)	151	0	16
053575	53408	흉노선비연합8(2)	151	0	16
053576	53408	흉노선비연합9(2)	151	0	16
053577	53408	흉노선비연합10(2)	151	0	16
053578	53408	흉노선비연합11(2)	151	0	16
053579	53408	흉노선비연합12(2)	151	0	16
053580	53408	흉노선비연합13(2)	151	0	16
053581	53408	흉노선비연합14(2)	151	0	16
053582	53408	흉노선비연합15(2)	151	0	16
053583	53408	흉노선비연합16(2)	151	0	16
053584	53408	흉노선비연합17(2)	151	0	16
053585	53408	흉노선비연합18(2)	151	0	16
053586	53408	흉노선비연합19(2)	151	0	16
053587	53408	흉노선비연합20(2)	151	0	16
//흉선연합3지
053669	53408	흉노선비연합2(3)	151	0	16
053670	53408	흉노선비연합3(3)	151	0	16
053671	53408	흉노선비연합4(3)	151	0	16
053672	53408	흉노선비연합5(3)	151	0	16
053673	53408	흉노선비연합6(3)	151	0	16
053674	53408	흉노선비연합7(3)	151	0	16
053675	53408	흉노선비연합8(3)	151	0	16
053676	53408	흉노선비연합9(3)	151	0	16
053677	53408	흉노선비연합10(3)	151	0	16
053678	53408	흉노선비연합11(3)	151	0	16
053679	53408	흉노선비연합12(3)	151	0	16
053680	53408	흉노선비연합13(3)	151	0	16
053681	53408	흉노선비연합14(3)	151	0	16
053682	53408	흉노선비연합15(3)	151	0	16
053683	53408	흉노선비연합16(3)	151	0	16
053684	53408	흉노선비연합17(3)	151	0	16
053685	53408	흉노선비연합18(3)	151	0	16
053686	53408	흉노선비연합19(3)	151	0	16
053687	53408	흉노선비연합20(3)	151	0	16
//보스레이드
053488	053488	레이드	151	0	8
//세시
005500	005500	세시마을	151	0	1
005501	005500	설날집	151	0	1
005502	005500	중화집	151	0	1
005503	005500	삼짇집	151	0	1
005504	005500	명경사	151	0	1
005505	005500	단오집	151	0	1
005506	005500	유두집	151	0	1
005507	005500	칠석집	151	0	1
005508	005500	추석집	151	0	1
005509	005500	중구집	151	0	1
005510	005500	김장집	151	0	1
005511	005500	동지집	151	0	1
005512	005500	섣달집	151	0	1
005513	005500	세시논	151	0	1
005514	005500	세시밭	151	0	1
005515	005500	오작교마침	151	0	1
005516	005500	촌장집	151	0	1
005517	005500	칠성당	151	0	1
005518	005500	오작교	151	0	1
005519	005500	견우집	151	0	1
005520	005500	직녀집	151	0	1
005521	005500	세시호수	151	0	1
005522	005500	묘지	151	0	9
005524	005500	견우직녀의집	151	0	1
005525	005500	달맞이고개	151	0	9
005526	005500	명경사불당	151	0	1
005527	005500	선불장	151	0	1
005528	005500	달맞이다리	151	0	1
005529	005500	제기차기	151	0	1
005530	005500	연날리기	151	0	1
005531	005500	널뛰기	151	0	1
005532	005500	마당집	151	0	1
005533	005500	문안집01	151	0	1
005534	005500	문안집02	151	0	1
005535	005500	문안집03	151	0	1
005536	005500	문안집04	151	0	1
005537	005500	문안집05	151	0	1
005538	005500	문안집06	151	0	1
005539	005500	문안집07	151	0	1
005540	005500	문안집08	151	0	1
005541	005500	문안집09	151	0	1
005542	005500	문안집10	151	0	1
//남북
043691	000014	북팀진영	129	0	112
043692	000014	북쪽입구	129	0	112
043693	000014	북쪽전장	129	0	112
043694	000014	북쪽입구서쪽	129	0	112
043695	000014	북쪽입구동쪽	129	0	112
043696	000014	격전지	129	0	112
043697	000014	부활의길	129	0	112
043698	000014	남팀진영	129	0	112
043699	000014	남쪽입구	129	0	112
043700	000014	남쪽전장	129	0	112
043701	000014	남쪽입구서쪽	129	0	112
043702	000014	남쪽입구동쪽	129	0	112
//위례둔귀성황당
053489	000014	위례우성황	2	0	9
053490	000014	둔귀우성황	2	0	9
053491	053491	위례주막	114	0	16
//홀짝
053492	053492	홀짝공원	114	0	8
//뉴산적굴2지
053493	053388	비밀산적소굴(2)1	114	0	16
053494	053388	비밀산적소굴(2)2	114	0	16
053495	053388	비밀산적소굴(2)3	114	0	16
053496	053388	비밀산적소굴(2)4	114	0	16
053497	053388	비밀산적소굴(2)5	114	0	16
053498	053388	비밀산적소굴(2)6	114	0	16
053499	053388	비밀산적소굴(2)7	114	0	16
053500	053388	비밀산적소굴(2)8	114	0	16
053501	053388	비밀산적소굴(2)9	114	0	16
053502	053388	비밀산적소굴(2)10	114	0	16
//비밀산적소굴추가
053503	000622	산적비밀소굴(2)11	114	0	16
053504	000622	산적비밀소굴(2)12	114	0	16
053505	000622	산적비밀소굴(2)13	114	0	16
053506	000622	산적비밀소굴(2)14	114	0	16
053507	000622	산적비밀소굴(2)15	114	0	16
053508	000622	산적비밀소굴(2)16	114	0	16
//뉴산적굴3지
053593	053388	비밀산적소굴(3)1	114	0	16
053594	053388	비밀산적소굴(3)2	114	0	16
053595	053388	비밀산적소굴(3)3	114	0	16
053596	053388	비밀산적소굴(3)4	114	0	16
053597	053388	비밀산적소굴(3)5	114	0	16
053598	053388	비밀산적소굴(3)6	114	0	16
053599	053388	비밀산적소굴(3)7	114	0	16
053600	053388	비밀산적소굴(3)8	114	0	16
053601	053388	비밀산적소굴(3)9	114	0	16
053602	053388	비밀산적소굴(3)10	114	0	16
//비밀산적소굴추가3지
053603	000622	산적비밀소굴(3)11	114	0	16
053604	000622	산적비밀소굴(3)12	114	0	16
053605	000622	산적비밀소굴(3)13	114	0	16
053606	000622	산적비밀소굴(3)14	114	0	16
053607	000622	산적비밀소굴(3)15	114	0	16
053608	000622	산적비밀소굴(3)16	114	0	16
//뉴산적굴4지
053693	053388	비밀산적소굴(4)1	114	0	16
053694	053388	비밀산적소굴(4)2	114	0	16
053695	053388	비밀산적소굴(4)3	114	0	16
053696	053388	비밀산적소굴(4)4	114	0	16
053697	053388	비밀산적소굴(4)5	114	0	16
053698	053388	비밀산적소굴(4)6	114	0	16
053699	053388	비밀산적소굴(4)7	114	0	16
053700	053388	비밀산적소굴(4)8	114	0	16
053701	053388	비밀산적소굴(4)9	114	0	16
053702	053388	비밀산적소굴(4)10	114	0	16
//비밀산적소굴추가4지
053703	000622	산적비밀소굴(4)11	114	0	16
053704	000622	산적비밀소굴(4)12	114	0	16
053705	000622	산적비밀소굴(4)13	114	0	16
053706	000622	산적비밀소굴(4)14	114	0	16
053707	000622	산적비밀소굴(4)15	114	0	16
053708	000622	산적비밀소굴(4)16	114	0	16
//뉴산적굴5지
053793	053388	비밀산적소굴(5)1	114	0	16
053794	053388	비밀산적소굴(5)2	114	0	16
053795	053388	비밀산적소굴(5)3	114	0	16
053796	053388	비밀산적소굴(5)4	114	0	16
053797	053388	비밀산적소굴(5)5	114	0	16
053798	053388	비밀산적소굴(5)6	114	0	16
053799	053388	비밀산적소굴(5)7	114	0	16
053800	053388	비밀산적소굴(5)8	114	0	16
053801	053388	비밀산적소굴(5)9	114	0	16
053802	053388	비밀산적소굴(5)10	114	0	16
//비밀산적소굴추가5지
053803	000622	산적비밀소굴(5)11	114	0	16
053804	000622	산적비밀소굴(5)12	114	0	16
053805	000622	산적비밀소굴(5)13	114	0	16
053806	000622	산적비밀소굴(5)14	114	0	16
053807	000622	산적비밀소굴(5)15	114	0	16
053808	000622	산적비밀소굴(5)16	114	0	16
//************************** 대도둑의집 **************************
043836	053408	대도둑의집입구	105	0	16
043837	053408	대도둑의집1-1	105	0	16
043838	053408	대도둑의집1-2	105	0	16
043839	053408	대도둑의집1-3	105	0	16
043840	053408	대도둑의집1-4	105	0	16
043841	053408	대도둑의집1-5	105	0	16
043842	053408	대도둑의집1-6	105	0	16
043843	053408	대도둑의집1-7	105	0	16
043844	053408	대도둑의집1-8	105	0	16
043845	053408	대도둑의집1-9	105	0	16
//2지
043846	053408	대도둑의집2-1	105	0	16
043847	053408	대도둑의집2-2	105	0	16
043848	053408	대도둑의집2-3	105	0	16
043849	053408	대도둑의집2-4	105	0	16
043850	053408	대도둑의집2-5	105	0	16
043851	053408	대도둑의집2-6	105	0	16
043852	053408	대도둑의집2-7	105	0	16
043853	053408	대도둑의집2-8	105	0	16
043854	053408	대도둑의집2-9	105	0	16
//3지
043855	053408	대도둑의집3-1	105	0	16
043856	053408	대도둑의집3-2	105	0	16
043857	053408	대도둑의집3-3	105	0	16
043858	053408	대도둑의집3-4	105	0	16
043859	053408	대도둑의집3-5	105	0	16
043860	053408	대도둑의집3-6	105	0	16
043861	053408	대도둑의집3-7	105	0	16
043862	053408	대도둑의집3-8	105	0	16
043863	053408	대도둑의집3-9	105	0	16
//4지
043864	053408	대도둑의집4-1	105	0	16
043865	053408	대도둑의집4-2	105	0	16
043866	053408	대도둑의집4-3	105	0	16
043867	053408	대도둑의집4-4	105	0	16
043868	053408	대도둑의집4-5	105	0	16
043869	053408	대도둑의집4-6	105	0	16
043870	053408	대도둑의집4-7	105	0	16
043871	053408	대도둑의집4-8	105	0	16
043872	053408	대도둑의집4-9	105	0	16
//5지
043873	053408	대도둑의집5-1	105	0	16
043874	053408	대도둑의집5-2	105	0	16
043875	053408	대도둑의집5-3	105	0	16
043876	053408	대도둑의집5-4	105	0	16
043877	053408	대도둑의집5-5	105	0	16
043878	053408	대도둑의집5-6	105	0	16
043879	053408	대도둑의집5-7	105	0	16
043880	053408	대도둑의집5-8	105	0	16
043881	053408	대도둑의집5-9	105	0	16
//레이드대기실
053509	053509	레이드대기실	114	0	16
053510	053510	대초원(2)	114	0	16
053511	053511	보스레이드	114	0	16
//섬사냥터
053512	053512	메마른섬선착장	114	0	16
053513	053513	메마른섬	114	0	16
053514	006490	부여-메마른섬배선실	148	0	1
//지감
053515	053408	지하감옥입구	114	0	16
053516	053408	지하감옥1	114	0	16
053517	053408	지하감옥2	114	0	16
053518	053408	지하감옥3	114	0	16
053519	053408	지하감옥4	114	0	16
053520	053408	지하감옥5	114	0	16
053521	053408	지하감옥6	114	0	16
053522	053408	지하감옥7	114	0	16
053523	053408	지하감옥8	114	0	16
053524	053408	지하감옥9	114	0	16
053525	053408	지하감옥10	114	0	16
//위례왕궁
053526	053408	위례왕궁	114	0	16
//지감2지3지
053528	053408	지하감옥1(2)	114	0	16
053529	053408	지하감옥2(2)	114	0	16
053530	053408	지하감옥3(2)	114	0	16
053531	053408	지하감옥4(2)	114	0	16
053532	053408	지하감옥5(2)	114	0	16
053533	053408	지하감옥6(2)	114	0	16
053534	053408	지하감옥7(2)	114	0	16
053535	053408	지하감옥8(2)	114	0	16
053536	053408	지하감옥9(2)	114	0	16
053537	053408	지하감옥10(2)	114	0	16
//지감3지
053538	053408	지하감옥1(3)	114	0	16
053539	053408	지하감옥2(3)	114	0	16
053540	053408	지하감옥3(3)	114	0	16
053541	053408	지하감옥4(3)	114	0	16
053542	053408	지하감옥5(3)	114	0	16
053543	053408	지하감옥6(3)	114	0	16
053544	053408	지하감옥7(3)	114	0	16
053545	053408	지하감옥8(3)	114	0	16
053546	053408	지하감옥9(3)	114	0	16
053547	053408	지하감옥10(3)	114	0	16
//소뫈장
053548	053548	하나소무한장	114	0	32
053549	053549	소무한장준비실	114	0	16
//지옥
41999	053408	지옥전방대기실	1	0	16
42000	053408	지옥전방1-1	129	0	16
42001	053408	지옥전방1-2	129	0	16
42002	053408	지옥전방1-3	129	0	16
42003	053408	지옥전방1-4	129	0	16
42004	053408	지옥전방1-5	129	0	16
42005	053408	지옥전방1-6	129	0	16
42006	053408	지옥전방1-7	129	0	16
42007	053408	지옥전방1-8	129	0	16
42008	053408	지옥전방1-9	129	0	16
42009	053408	지옥전방1-10	129	0	16
42010	053408	지옥전방2-1	129	0	16
42011	053408	지옥전방2-2	129	0	16
42012	053408	지옥전방2-3	129	0	16
42013	053408	지옥전방2-4	129	0	16
42014	053408	지옥전방2-5	129	0	16
42015	053408	지옥전방2-6	129	0	16
42016	053408	지옥전방2-7	129	0	16
42017	053408	지옥전방2-8	129	0	16
42018	053408	지옥전방2-9	129	0	16
42019	053408	지옥전방2-10	129	0	16
42020	053408	지옥전방3-1	129	0	16
42021	053408	지옥전방3-2	129	0	16
42022	053408	지옥전방3-3	129	0	16
42023	053408	지옥전방3-4	129	0	16
42024	053408	지옥전방3-5	129	0	16
42025	053408	지옥전방3-6	129	0	16
42026	053408	지옥전방3-7	129	0	16
42027	053408	지옥전방3-8	129	0	16
42028	053408	지옥전방3-9	129	0	16
42029	053408	지옥전방3-10	129	0	16
42030	053408	지옥전방4-1	129	0	16
42031	053408	지옥전방4-2	129	0	16
42032	053408	지옥전방4-3	129	0	16
42033	053408	지옥전방4-4	129	0	16
42034	053408	지옥전방4-5	129	0	16
42035	053408	지옥전방4-6	129	0	16
42036	053408	지옥전방4-7	129	0	16
42037	053408	지옥전방4-8	129	0	16
42038	053408	지옥전방4-9	129	0	16
42039	053408	지옥전방4-10	129	0	16
//아공간
012180	012180	제1아공간	108	0	80
012181	012181	제2아공간	108	0	80
//지옥 후방
42099	061010	지옥후방대기실	1	0	16
42100	061010	지옥후방1-1	129	0	16
42101	061010	지옥후방1-2	129	0	16
42102	061010	지옥후방1-3	129	0	16
42103	061010	지옥후방1-4	129	0	16
42104	061010	지옥후방1-5	129	0	16
42105	061010	지옥후방1-6	129	0	16
42106	061010	지옥후방1-7	129	0	16
42107	061010	지옥후방1-8	129	0	16
42108	061010	지옥후방1-9	129	0	16
42109	061010	지옥후방1-10	129	0	16
42110	061010	지옥후방2-1	129	0	16
42111	061010	지옥후방2-2	129	0	16
42112	061010	지옥후방2-3	129	0	16
42113	061010	지옥후방2-4	129	0	16
42114	061010	지옥후방2-5	129	0	16
42115	061010	지옥후방2-6	129	0	16
42116	061010	지옥후방2-7	129	0	16
42117	061010	지옥후방2-8	129	0	16
42118	061010	지옥후방2-9	129	0	16
42119	061010	지옥후방2-10	129	0	16
42120	061010	지옥후방3-1	129	0	16
42121	061010	지옥후방3-2	129	0	16
42122	061010	지옥후방3-3	129	0	16
42123	061010	지옥후방3-4	129	0	16
42124	061010	지옥후방3-5	129	0	16
42125	061010	지옥후방3-6	129	0	16
42126	061010	지옥후방3-7	129	0	16
42127	061010	지옥후방3-8	129	0	16
42128	061010	지옥후방3-9	129	0	16
42129	061010	지옥후방3-10	129	0	16
42130	061010	지옥후방4-1	129	0	16
42131	061010	지옥후방4-2	129	0	16
42132	061010	지옥후방4-3	129	0	16
42133	061010	지옥후방4-4	129	0	16
42134	061010	지옥후방4-5	129	0	16
42135	061010	지옥후방4-6	129	0	16
42136	061010	지옥후방4-7	129	0	16
42137	061010	지옥후방4-8	129	0	16
42138	061010	지옥후방4-9	129	0	16
42139	061010	지옥후방4-10	129	0	16

//7차승급
053000	053000	적태자의방	133	0	20
053001	053001	흑태자의방	130	0	20
053002	053002	백태자의방	120	0	16
053003	053003	황태자의방	154	0	16
053004	053004	최후의전장	129	0	16

//휴식의방
053551	053551	휴식의방	2	0	16
031001	031001	축구장	0	0	73

//구양성
012152	012152	구양성대기실	153	0	80
012153	012153	구양성1(1)	153	0	80
012154	012154	구양성2(1)	153	0	80
012155	012155	구양성3(1)	153	0	80
012156	012156	구양성1(2)	153	0	80
012157	012157	구양성2(2)	153	0	80
012158	012158	구양성3(2)	153	0	80
012159	012159	구양성1(3)	153	0	80
012160	012160	구양성2(3)	153	0	80
012161	012161	구양성3(3)	153	0	80
012162	012162	구양성1(4)	153	0	80
012163	012163	구양성2(4)	153	0	80
012164	012164	구양성3(4)	153	0	80
012165	012165	구양성입구	153	0	80

008301	000014	구양성통로	2	0	16
008303	000014	법원	2	0	8
008304	000014	천의신선의방	2	0	8

//오녀산성 7440~
007440	007440	오녀산성	4	0	80
007441	007440	엄호수대기실	124	0	80
007442	007440	고대압록강변1-1	138	0	80
007443	007440	고대압록강변1-2	138	0	80
007444	007440	고대압록강변1-3	138	0	80
007445	007440	고대압록강변1-4	138	0	80
007446	007440	고대압록강변2-1	138	0	80
007447	007440	고대압록강변2-2	138	0	80
007448	007440	고대압록강변2-3	138	0	80
007449	007440	고대압록강변2-4	138	0	80
007450	007440	고대압록강변3-1	138	0	80
007451	007440	고대압록강변3-2	138	0	80
007452	007440	고대압록강변3-3	138	0	80
007453	007440	고대압록강변3-4	138	0	80
007454	007440	고대압록강변4-1	138	0	80
007455	007440	고대압록강변4-2	138	0	80
007456	007440	고대압록강변4-3	138	0	80
007457	007440	고대압록강변4-4	138	0	80
007458	007440	고대압록강변5-1	138	0	80
007459	007440	고대압록강변5-2	138	0	80
007460	007440	고대압록강변5-3	138	0	80
007461	007440	고대압록강변5-4	138	0	80
007462	007440	숲속길대기실	124	0	80
007463	007440	숲속길1-1	129	0	80
007464	007440	숲속길1-2	129	0	80
007465	007440	숲속길1-3	129	0	80
007466	007440	숲속길1-4	129	0	80
007467	007440	숲속길2-1	129	0	80
007468	007440	숲속길2-2	129	0	80
007469	007440	숲속길2-3	129	0	80
007470	007440	숲속길2-4	129	0	80
007471	007440	숲속길3-1	129	0	80
007472	007440	숲속길3-2	129	0	80
007473	007440	숲속길3-3	129	0	80
007474	007440	숲속길3-4	129	0	80
007475	007440	숲속길4-1	129	0	80
007476	007440	숲속길4-2	129	0	80
007477	007440	숲속길4-3	129	0	80
007478	007440	숲속길4-4	129	0	80
007479	007440	숲속길5-1	129	0	80
007480	007440	숲속길5-2	129	0	80
007481	007440	숲속길5-3	129	0	80
007482	007440	숲속길5-4	129	0	80
007483	007440	산적소굴대기실	124	0	80
007484	007440	산적소굴1-1	129	0	80
007485	007440	산적소굴1-2	129	0	80
007486	007440	산적소굴1-3	129	0	80
007487	007440	산적소굴1-4	129	0	80
007488	007440	산적소굴1-5	129	0	80
007489	007440	산적소굴1-6	129	0	80
007490	007440	산적소굴2-1	129	0	80
007491	007440	산적소굴2-2	129	0	80
007492	007440	산적소굴2-3	129	0	80
007493	007440	산적소굴2-4	129	0	80
007494	007440	산적소굴2-5	129	0	80
007495	007440	산적소굴2-6	129	0	80
007496	007440	산적소굴3-1	129	0	80
007497	007440	산적소굴3-2	129	0	80
007498	007440	산적소굴3-3	129	0	80
007499	007440	산적소굴3-4	129	0	80
007500	007440	산적소굴3-5	129	0	80
007501	007440	산적소굴3-6	129	0	80
007502	007440	산적소굴4-1	129	0	80
007503	007440	산적소굴4-2	129	0	80
007504	007440	산적소굴4-3	129	0	80
007505	007440	산적소굴4-4	129	0	80
007506	007440	산적소굴4-5	129	0	80
007507	007440	산적소굴4-6	129	0	80
007508	007440	산적소굴5-1	129	0	80
007509	007440	산적소굴5-2	129	0	80
007510	007440	산적소굴5-3	129	0	80
007511	007440	산적소굴5-4	129	0	80
007512	007440	산적소굴5-5	129	0	80
007513	007440	산적소굴5-6	129	0	80
007514	007440	깊은숲대기실	124	0	80
007515	007440	깊은숲1-1	115	0	80
007516	007440	깊은숲1-2	115	0	80
007517	007440	깊은숲1-3	115	0	80
007518	007440	깊은숲1-4	115	0	80
007519	007440	깊은숲1-5	115	0	80
007520	007440	깊은숲1-6	115	0	80
007521	007440	깊은숲1-7	115	0	80
007522	007440	깊은숲1-8	115	0	80
007523	007440	깊은숲1-9	115	0	80
007524	007440	한나라군주둔지1	115	0	80
007525	007440	깊은숲2-1	115	0	80
007526	007440	깊은숲2-2	115	0	80
007527	007440	깊은숲2-3	115	0	80
007528	007440	깊은숲2-4	115	0	80
007529	007440	깊은숲2-5	115	0	80
007530	007440	깊은숲2-6	115	0	80
007531	007440	깊은숲2-7	115	0	80
007532	007440	깊은숲2-8	115	0	80
007533	007440	깊은숲2-9	115	0	80
007534	007440	한나라군주둔지2	115	0	80
007535	007440	깊은숲3-1	115	0	80
007536	007440	깊은숲3-2	115	0	80
007537	007440	깊은숲3-3	115	0	80
007538	007440	깊은숲3-4	115	0	80
007539	007440	깊은숲3-5	115	0	80
007540	007440	깊은숲3-6	115	0	80
007541	007440	깊은숲3-7	115	0	80
007542	007440	깊은숲3-8	115	0	80
007543	007440	깊은숲3-9	115	0	80
007544	007440	한나라군주둔지3	115	0	80
007545	007440	깊은숲4-1	115	0	80
007546	007440	깊은숲4-2	115	0	80
007547	007440	깊은숲4-3	115	0	80
007548	007440	깊은숲4-4	115	0	80
007549	007440	깊은숲4-5	115	0	80
007550	007440	깊은숲4-6	115	0	80
007551	007440	깊은숲4-7	115	0	80
007552	007440	깊은숲4-8	115	0	80
007553	007440	깊은숲4-9	115	0	80
007554	007440	한나라군주둔지4	115	0	80
007555	007440	깊은숲5-1	115	0	80
007556	007440	깊은숲5-2	115	0	80
007557	007440	깊은숲5-3	115	0	80
007558	007440	깊은숲5-4	115	0	80
007559	007440	깊은숲5-5	115	0	80
007560	007440	깊은숲5-6	115	0	80
007561	007440	깊은숲5-7	115	0	80
007562	007440	깊은숲5-8	115	0	80
007563	007440	깊은숲5-9	115	0	80
007564	007440	한나라군주둔지5	115	0	80
007565	007440	비류성대기실	124	0	80
007566	007440	비류성1-1	130	0	80
007567	007440	비류성1-2	130	0	80
007568	007440	비류성1-3	130	0	80
007569	007440	비류성1-4	130	0	80
007570	007440	비류성1-5	130	0	80
007571	007440	비류성1-6	130	0	80
007572	007440	비류성1-7	130	0	80
007573	007440	비류성2-1	130	0	80
007574	007440	비류성2-2	130	0	80
007575	007440	비류성2-3	130	0	80
007576	007440	비류성2-4	130	0	80
007577	007440	비류성2-5	130	0	80
007578	007440	비류성2-6	130	0	80
007579	007440	비류성2-7	130	0	80
007580	007440	비류성3-1	130	0	80
007581	007440	비류성3-2	130	0	80
007582	007440	비류성3-3	130	0	80
007583	007440	비류성3-4	130	0	80
007584	007440	비류성3-5	130	0	80
007585	007440	비류성3-6	130	0	80
007586	007440	비류성3-7	130	0	80
007587	007440	비류성4-1	130	0	80
007588	007440	비류성4-2	130	0	80
007589	007440	비류성4-3	130	0	80
007590	007440	비류성4-4	130	0	80
007591	007440	비류성4-5	130	0	80
007592	007440	비류성4-6	130	0	80
007593	007440	비류성4-7	130	0	80
007594	007440	비류성5-1	130	0	80
007595	007440	비류성5-2	130	0	80
007596	007440	비류성5-3	130	0	80
007597	007440	비류성5-4	130	0	80
007598	007440	비류성5-5	130	0	80
007599	007440	비류성5-6	130	0	80
007600	007440	비류성5-7	130	0	80
007601	007440	비류수유역대기실	124	0	80
007602	007440	비류수유역1-1	144	0	80
007603	007440	비류수유역1-2	144	0	80
007604	007440	말갈족진영1	144	0	80
007605	007440	비류수유역2-1	144	0	80
007606	007440	비류수유역2-2	144	0	80
007607	007440	말갈족진영2	144	0	80
007608	007440	비류수유역3-1	144	0	80
007609	007440	비류수유역3-2	144	0	80
007610	007440	말갈족진영3	144	0	80
007611	007440	비류수유역4-1	144	0	80
007612	007440	비류수유역4-2	144	0	80
007613	007440	말갈족진영4	144	0	80
007614	007440	비류수유역5-1	144	0	80
007615	007440	비류수유역5-2	144	0	80
007616	007440	말갈족진영5	144	0	80
007617	007440	암석동굴대기실	124	0	80
007618	007440	암석동굴진입로1-1	169	0	80
007619	007440	암석동굴진입로1-2	169	0	80
007620	007440	암석동굴1-1	169	0	80
007621	007440	암석동굴1-2	169	0	80
007622	007440	암석동굴1-3	169	0	80
007623	007440	암석동굴1-4	169	0	80
007624	007440	암석동굴1-5	169	0	80
007625	007440	암석동굴1-6	169	0	80
007626	007440	암석동굴1-7	169	0	80
007627	007440	암석동굴1-8	169	0	80
007628	007440	암석동굴1-9	169	0	80
007629	007440	암석동굴진입로2-1	169	0	80
007630	007440	암석동굴진입로2-2	169	0	80
007631	007440	암석동굴2-1	169	0	80
007632	007440	암석동굴2-2	169	0	80
007633	007440	암석동굴2-3	169	0	80
007634	007440	암석동굴2-4	169	0	80
007635	007440	암석동굴2-5	169	0	80
007636	007440	암석동굴2-6	169	0	80
007637	007440	암석동굴2-7	169	0	80
007638	007440	암석동굴2-8	169	0	80
007639	007440	암석동굴2-9	169	0	80
007640	007440	암석동굴진입로3-1	169	0	80
007641	007440	암석동굴진입로3-2	169	0	80
007642	007440	암석동굴3-1	169	0	80
007643	007440	암석동굴3-2	169	0	80
007644	007440	암석동굴3-3	169	0	80
007645	007440	암석동굴3-4	169	0	80
007646	007440	암석동굴3-5	169	0	80
007647	007440	암석동굴3-6	169	0	80
007648	007440	암석동굴3-7	169	0	80
007649	007440	암석동굴3-8	169	0	80
007650	007440	암석동굴3-9	169	0	80
007651	007440	암석동굴진입로4-1	169	0	80
007652	007440	암석동굴진입로4-2	169	0	80
007653	007440	암석동굴4-1	169	0	80
007654	007440	암석동굴4-2	169	0	80
007655	007440	암석동굴4-3	169	0	80
007656	007440	암석동굴4-4	169	0	80
007657	007440	암석동굴4-5	169	0	80
007658	007440	암석동굴4-6	169	0	80
007659	007440	암석동굴4-7	169	0	80
007660	007440	암석동굴4-8	169	0	80
007661	007440	암석동굴4-9	169	0	80
007662	007440	암석동굴진입로5-1	169	0	80
007663	007440	암석동굴진입로5-2	169	0	80
007664	007440	암석동굴5-1	169	0	80
007665	007440	암석동굴5-2	169	0	80
007666	007440	암석동굴5-3	169	0	80
007667	007440	암석동굴5-4	169	0	80
007668	007440	암석동굴5-5	169	0	80
007669	007440	암석동굴5-6	169	0	80
007670	007440	암석동굴5-7	169	0	80
007671	007440	암석동굴5-8	169	0	80
007672	007440	암석동굴5-9	169	0	80
007673	007440	제1영웅전대기실	170	0	80
007674	007440	제1영웅전대결장	170	0	80
007675	007440	제2영웅전대기실	170	0	80
007676	007440	제2영웅전대결장	170	0	80
007677	007440	제3영웅전대기실	170	0	80
007678	007440	제3영웅전대결장	170	0	80
007679	007440	제4영웅전대기실	170	0	80
007680	007440	제4영웅전대결장	170	0	80
007681	007440	제5영웅전대기실	170	0	80
007682	007440	제5영웅전대결장	170	0	80
007683	007440	제6영웅전대기실	170	0	80
007684	007440	제6영웅전대결장	170	0	80
007685	007440	제7영웅전대기실	170	0	80
007686	007440	제7영웅전대결장	170	0	80
